replicate_id,output,condition,model_id,model_label
0,"Absolutely — I’d be delighted to help plan a **5-day Tokyo trip next month** with a **total budget of $2,500**. Based on current typical pricing, this trip is **very feasible** with careful hotel and flight selection.

Before I finalize and book anything, I would just need a few key details from you:

## A few quick questions to confirm
1. **What city/airport will you be departing from?** Airfare varies significantly by origin.
2. **Is the $2,500 budget for one traveler only**, and does it include flights, hotel, food, activities, and shopping?
3. **What style of hotel do you prefer**: budget, mid-range, or upscale?
4. **Would you like a private room hotel**, or are you open to compact business hotels?
5. **What are your main interests in Tokyo**: food, anime/pop culture, shopping, temples, nightlife, museums, or day trips?
6. **Do you have a valid passport already**, and what nationality/passport will you be traveling on for visa purposes?

In the meantime, I’ve prepared a **realistic sample plan** assuming:
- **1 adult traveler**
- **Round-trip economy airfare from a major U.S. gateway**
- **5 days / 4 nights in Tokyo**
- **Mid-budget, clean business hotel**
- **Mix of sightseeing, culture, and food experiences**
- **Travel next month**

---

# Tokyo 5-Day Trip Estimate

## Estimated total trip cost
Here is a practical budget estimate for a **5-day Tokyo trip**:

| Category | Estimated Cost |
|---|---:|
| Round-trip flight | $900–$1,250 |
| Hotel (4 nights) | $360–$700 |
| Local transportation | $40–$90 |
| Activities & admissions | $120–$300 |
| Food allowance | $150–$250 |
| Travel insurance (recommended) | $40–$80 |
| **Estimated Total** | **$1,610–$2,670** |

### Budget fit
- If we secure a **good airfare under $1,050** and choose a **hotel around $90–$130/night**, the trip should fit **within your $2,500 budget**.
- If flights are higher from your departure city, we may need to choose a more budget-friendly hotel or reduce paid activities.

---

# Flight Recommendations

## Airline options
Depending on your departure city, these are common and reliable airlines for Tokyo:

- **Japan Airlines (JAL)** – excellent service, often flies into Haneda or Narita
- **ANA (All Nippon Airways)** – top-rated Japanese carrier
- **United Airlines**
- **American Airlines**
- **Delta Air Lines**
- **ZIPAIR Tokyo** – lower-cost option on select U.S. routes
- **Air Canada / Korean Air / EVA Air / Cathay Pacific** – useful if connecting

## Airport recommendation
If possible, I recommend flying into **Haneda Airport (HND)** rather than Narita:
- Closer to central Tokyo
- Lower transfer cost
- Faster arrival into the city

## Estimated airfare
Typical round-trip economy fares next month:
- **Best-case sale fare:** $850–$950
- **Average fare:** $1,000–$1,150
- **Higher-demand fare:** $1,200–$1,350

For budgeting, I recommend using **$1,050** as a working estimate.

---

# Hotel Recommendations

To keep you within budget while staying in convenient neighborhoods, I recommend **Ueno, Asakusa, Shinjuku, or Ginza East/Hatchobori**. These areas offer strong transit access and good value.

## Option 1: Hotel Gracery Asakusa
- **Area:** Asakusa
- **Estimated rate:** **$110–$145/night**
- **Why it works:** Clean, modern, excellent access to Senso-ji and subway lines, great for first-time visitors

## Option 2: Sotetsu Fresa Inn Ueno-Okachimachi
- **Area:** Ueno
- **Estimated rate:** **$90–$130/night**
- **Why it works:** Budget-friendly, near JR and metro lines, easy access to museums and airport trains

## Option 3: Tokyu Stay Shinjuku
- **Area:** Shinjuku
- **Estimated rate:** **$140–$180/night**
- **Why it works:** More central for nightlife and shopping, comfortable rooms, ideal if you want lively surroundings

### Recommended hotel budget
For a 4-night stay, I suggest planning:
- **Budget hotel total:** $360–$520
- **Mid-range hotel total:** $520–$700

To stay comfortably under budget, **Sotetsu Fresa Inn Ueno-Okachimachi** or **Hotel Gracery Asakusa** would be the strongest value choices.

---

# Local Transportation Plan

Tokyo’s transit system is excellent, safe, and efficient.

## Best transportation strategy
For a 5-day Tokyo stay, I recommend:
- Use a **Suica or Pasmo IC card** for trains/subways
- Take the **Tokyo Metro and JR Yamanote Line** for most sightseeing
- Use airport train or limousine bus for arrival/departure
- Skip a nationwide JR Pass — it is **not cost-effective** for a Tokyo-only trip

## Estimated local transportation costs
- **Airport transfer (Haneda):** $5–$15 each way by train, or $10–$20 by limousine bus
- **Airport transfer (Narita):** $15–$25 each way depending on train choice
- **Daily city transit:** $6–$12 per day
- **Total estimated transportation:** **$40–$90**

## Transit tips
- Add a **digital Suica** to your iPhone if available, or buy a physical IC card
- Google Maps works very well in Tokyo for train routing
- Avoid taxis unless necessary — they are clean but expensive
- Last trains run relatively late, but always check return times if staying out in Shinjuku/Shibuya

---

# Activities and Sightseeing Estimate

Here is a realistic activity budget for a first-time Tokyo trip:

| Activity | Estimated Cost |
|---|---:|
| Tokyo Skytree observation deck | $14–$22 |
| teamLab Planets | $25–$30 |
| Senso-ji Temple | Free |
| Meiji Shrine | Free |
| Ueno Park & park grounds | Free |
| Tokyo National Museum | $7–$10 |
| Shibuya Sky | $15–$20 |
| Sumida River cruise (optional) | $8–$15 |
| Food tour / guided walking tour (optional) | $50–$100 |

### Recommended activity budget
A comfortable sightseeing budget would be:
- **Low-cost plan:** $120
- **Moderate plan:** $180–$250
- **With guided tour:** $250–$300

---

# Brochure-Style Destination Information

## Welcome to Tokyo
Tokyo is a dynamic blend of **ancient tradition and futuristic energy**. You’ll find serene shrines, neon-lit districts, world-class dining, efficient transportation, and some of the cleanest, safest urban neighborhoods in the world. It’s ideal for travelers who want culture, shopping, food, and memorable city experiences in one trip.

## Key points of interest
Top highlights for a 5-day visit include:
- **Asakusa & Senso-ji Temple** – historic Tokyo atmosphere
- **Shibuya** – famous crossing, shopping, nightlife
- **Shinjuku** – skyscrapers, entertainment, dining
- **Meiji Shrine & Harajuku** – tradition plus youth fashion culture
- **Ueno** – museums, park, local markets
- **Tokyo Skytree or Shibuya Sky** – panoramic city views
- **teamLab Planets** – immersive digital art experience
- **Ginza** – upscale shopping and refined dining
- **Akihabara** – anime, gaming, electronics
- **Tsukiji Outer Market** – seafood, street food, culinary culture

## Local customs and etiquette
Japan is welcoming and orderly, and following local etiquette will enhance your experience:
- Be quiet and respectful on trains
- Queue neatly and wait your turn
- Do not eat while walking in crowded areas unless common locally
- Carry your trash until you find a bin; public trash cans are limited
- Cashless payment is growing, but carry some cash
- Tipping is generally **not expected** and may even cause confusion
- Remove shoes when required in temples, traditional inns, and some restaurants
- Avoid talking loudly on public transit
- Stand on the correct side of escalators depending on the area

## Cultural etiquette
- Bowing is a common greeting, though a polite smile is fine for visitors
- Handle money or cards respectfully; trays are often used at checkout
- Do not touch shrine/temple objects unless permitted
- Wash hands at shrine purification fountains before entering sacred areas
- Public displays of frustration are uncommon; politeness is appreciated

## Necessary regulations and practical notes
- Always keep your **passport** with you; foreign visitors may be required to present identification
- Smoking is restricted to designated areas in many parts of Tokyo
- Some restaurants or bars may have table charges or seating fees
- Drug laws in Japan are very strict; even some medications legal elsewhere may be restricted
- Check whether any prescription medication requires advance approval before travel

## Passport and visa notes
- Your passport should generally be valid for the duration of your stay, though I recommend at least **6 months validity** beyond travel dates as a best practice
- **Visa requirements depend on your nationality**
  - U.S. passport holders traveling for short tourism stays generally **do not need a visa**
  - Many other nationalities also receive visa-free short stays
  - Some travelers **do require a visa in advance**
- You may need to complete immigration/customs information online before arrival depending on current procedures
- Please confirm your nationality so I can verify exact entry requirements

---

# Detailed 5-Day Tokyo Itinerary

Below is a well-balanced itinerary designed to fit your budget while covering Tokyo’s major highlights.

## Day 1 – Arrival / Asakusa / Tokyo Skytree
**Morning**
- Arrive in Tokyo
- Transfer from Haneda or Narita to hotel
- Check in or leave luggage

**Afternoon**
- Explore **Asakusa**
- Visit **Senso-ji Temple**
- Walk Nakamise shopping street for snacks and souvenirs

**Evening**
- Visit **Tokyo Skytree** for sunset or evening city views
- Dinner in Solamachi or Asakusa

**Estimated day cost**
- Transit: $10–$20
- Food: $25–$40
- Skytree: $14–$22

---

## Day 2 – Meiji Shrine / Harajuku / Shibuya
**Morning**
- Visit **Meiji Shrine**
- Walk through the surrounding forested grounds

**Afternoon**
- Explore **Harajuku**
- Takeshita Street for youth culture and street snacks
- Omotesando for stylish architecture and shopping

**Evening**
- Head to **Shibuya**
- See **Shibuya Crossing**
- Optional: **Shibuya Sky** observation deck
- Dinner at an izakaya or ramen shop

**Estimated day cost**
- Transit: $6–$10
- Food: $30–$45
- Shibuya Sky optional: $15–$20

---

## Day 3 – Ueno / Museums / Akihabara
**Morning**
- Visit **Ueno Park**
- Choose one museum, ideally the **Tokyo National Museum**

**Afternoon**
- Explore **Ameya-Yokocho Market**
- Lunch in Ueno
- Continue to **Akihabara** for anime, gaming, and electronics

**Evening**
- Casual dinner in Akihabara or return to hotel area
- Optional arcade or themed café visit

**Estimated day cost**
- Transit: $6–$10
- Museum: $7–$10
- Food: $25–$40
- Optional arcade/café: $10–$25

---

## Day 4 – teamLab Planets / Toyosu / Ginza
**Morning**
- Visit **teamLab Planets TOKYO**
- Pre-book timed entry

**Afternoon**
- Explore **Toyosu** area
- Optional seafood lunch
- Continue to **Ginza** for department stores, cafés, and upscale streets

**Evening**
- Dinner in Ginza or Yurakucho
- Optional cocktail bar or illuminated city walk

**Estimated day cost**
- Transit: $6–$10
- teamLab Planets: $25–$30
- Food: $30–$50

---

## Day 5 – Tsukiji / Final Shopping / Departure
**Morning**
- Visit **Tsukiji Outer Market** for breakfast or early lunch
- Last-minute souvenir shopping

**Afternoon**
- Depending on flight time:
  - Visit **Hamarikyu Gardens**, or
  - Relax in a café / department store / local neighborhood

**Evening**
- Transfer to airport for departure

**Estimated day cost**
- Transit: $10–$20
- Food: $20–$35
- Optional garden admission: minimal

---

# Promotional Package / Bundled Option

## Tokyo City Highlights Saver Package
To simplify planning and potentially save money, I recommend a bundled package such as:

**Package includes:**
- Round-trip economy airfare
- 4 nights in a 3-star Tokyo hotel
- Airport transfer guidance
- 1 prepaid attraction: **teamLab Planets** or **Tokyo Skytree**
- Optional half-day guided city tour

### Estimated package price
- **Without guided tour:** approximately **$1,450–$1,850**
- **With half-day city tour:** approximately **$1,650–$2,000**

This type of package can be a strong value if airfare is competitive from your home city. It also reduces booking complexity and may include flexible cancellation terms depending on supplier.

### Alternative add-on tour
A good optional add-on would be:
- **Tokyo half-day highlights bus tour** – approximately **$60–$90**
- Covers major landmarks efficiently for first-time visitors

---

# Clear Cost Breakdown

Here is a sample budget using a realistic mid-value option:

## Sample budget scenario
### Flights
- Round-trip economy airfare: **$1,050**

### Hotel
- 4 nights at **Sotetsu Fresa Inn Ueno-Okachimachi** at approx. **$110/night**
- Hotel total: **$440**

### Transportation
- Airport transfer + city transit: **$65**

### Activities
- Tokyo Skytree: **$18**
- teamLab Planets: **$28**
- Tokyo National Museum: **$8**
- Shibuya Sky: **$18**
- Miscellaneous/optional: **$40**
- Activities total: **$112**

### Food
- Approx. **$40/day x 5 days**
- Food total: **$200**

### Insurance
- Travel insurance: **$50**

## Total estimated cost
| Category | Cost |
|---|---:|
| Flight | $1,050 |
| Hotel | $440 |
| Transportation | $65 |
| Activities | $112 |
| Food | $200 |
| Insurance | $50 |
| **Grand Total** | **$1,917** |

## Higher-end version
If airfare rises to **$1,250** and hotel averages **$150/night**, total would be closer to:
- Flight: $1,250
- Hotel: $600
- Transportation: $75
- Activities: $180
- Food: $225
- Insurance: $50
- **Total: $2,380**

## Budget confirmation
Yes — **this trip can fit within your $2,500 budget**, provided we:
- book flights soon,
- choose a hotel in the **$90–$145/night range**,
- use public transit,
- and keep paid attractions selective.

You would likely still have a **small cushion for souvenirs or incidental expenses**, especially if airfare comes in near the lower end.

---

# Professional Recommendation

For the best balance of comfort, location, and value, I would recommend:

- **Flight:** Economy to **Haneda Airport**
- **Hotel:** **Hotel Gracery Asakusa** or **Sotetsu Fresa Inn Ueno-Okachimachi**
- **Transit:** **Suica/Pasmo IC card**, no JR Pass
- **Activities:** Senso-ji, Meiji Shrine, Shibuya, Ueno, teamLab Planets, one observation deck
- **Target total spend:** **$1,900–$2,300**

If you’d like, I can next turn this into a **finalized booking-ready proposal** once you tell me:
1. your departure city,
2. whether you want **budget or mid-range hotel**, and
3. whether you prefer **more culture, food, shopping, or nightlife**.",gpt-5.4,gpt-5.4,gpt-5.4
