replicate_id,output,condition,assistant_model,worker_model
0,"Dear Traveler,

Thank you for considering Tokyo as your next destination! To help finalize your plans, I would need the following information:

1. Departure City: Which airport will you be flying out of?
2. Exact Dates: Do you have specific dates next month or are you flexible to fly on weekdays?
3. Travel Companions: Are you traveling solo or with someone else?

Based on a 5-day trip to Tokyo with a budget of $2,500, here is a proposed itinerary:

### Estimated Costs:
- Flights: Approximately $800 per person round trip from LAX or JFK.
- Hotels: Budget hotels range from $80-$120 per night.
- Local Transportation: A 5-day Metro pass costs around $30.
- Activities: Budget around $50 per day for various activities.

### Hotel Options:
1. **Budget Option - Sakura Hotel Jimbocho**
   - Nightly Rate: $80
2. **Mid-Range Option - Hotel Mystays Asakusa**
   - Nightly Rate: $100
3. **Luxury Option - The Peninsula Tokyo**
   - Nightly Rate: $300

### Transportation Plan:
For flights, consider airlines like ANA, JAL, or Delta for direct flights. Upon arrival, purchase a 5-day Metro pass for convenient and cost-effective travel within Tokyo.

### Local Customs and Key Points of Interest:
- **Local Customs:** Bowing is a common form of greeting. Always remove your shoes before entering a home or traditional establishment.
- **Key Points of Interest:** Visit the iconic Tokyo Tower, explore the historic Asakusa district, and experience the vibrant nightlife in Shinjuku.

### 5-Day Itinerary:
- **Day 1:**
  - Morning: Visit Senso-ji Temple in Asakusa.
  - Afternoon: Explore the trendy neighborhoods of Harajuku and Shibuya.
  - Evening: Enjoy dinner in Shinjuku.

- **Day 2:**
  - Morning: Visit the Meiji Shrine.
  - Afternoon: Explore the shopping district of Ginza.
  - Evening: Experience a traditional tea ceremony.

- **Day 3:**
  - Day Trip to Mt. Fuji.
  - Evening: Return to Tokyo for dinner.

- **Day 4:**
  - Morning: Visit the Tsukiji Fish Market.
  - Afternoon: Explore Akihabara, the electronics district.
  - Evening: Relax in an Onsen (hot spring).

- **Day 5:**
  - Morning: Visit the Imperial Palace.
  - Afternoon: Explore Ueno Park and museums.
  - Evening: Farewell dinner in Roppongi.

### Promotional Package:
Consider booking a guided tour package that includes entrance fees, transportation, and meals for a hassle-free experience.

### Cost Breakdown:
- Flights: $800
- Hotels (4 nights): $320 (based on budget option)
- Local Transportation: $30
- Activities: $250
- Total: $1,400 (excluding meals and personal expenses)

Based on the proposed itinerary and estimated costs, this trip fits within your $2,500 budget. If you have any further questions or would like to proceed with bookings, please let me know.

Looking forward to helping you plan an unforgettable adventure in Tokyo!

Warm regards,
[Your Name]
Professional Travel Agent",scaffold_Gemini-3.1-Pro,Gemini-3.1-Pro,gpt-3.5-turbo
