left_idx,right_idx,replicate_id,judgment,winner,short_rationale,option_1_scores_json,option_2_scores_json,option_1_average,option_2_average,parse_ok,judge_model,judge_label
1,0,0,"{
  ""final_choice"": ""option_1"",
  ""short_rationale"": ""Option 1 provides a clearer, more detailed analysis of discrepancies, explains relevant tax rules, and offers better guidance on corrections needed. It is more organized, specific, and better tailored to the client's needs, resulting in higher scores across most rubric dimensions."",
  ""option_1_scores"": {
    ""task_dimension_1"": 7,
    ""task_dimension_2"": 6,
    ""task_dimension_3"": 8,
    ""task_dimension_4"": 7,
    ""task_dimension_5"": 6,
    ""task_dimension_6"": 7,
    ""general_instruction_following"": 8,
    ""general_accuracy_specificity"": 7,
    ""general_practical_usefulness"": 7,
    ""general_organization_readability"": 6,
    ""general_tone_audience_fit"": 7
  },
  ""option_2_scores"": {
    ""task_dimension_1"": 5,
    ""task_dimension_2"": 4,
    ""task_dimension_3"": 6,
    ""task_dimension_4"": 5,
    ""task_dimension_5"": 4,
    ""task_dimension_6"": 5,
    ""general_instruction_following"": 6,
    ""general_accuracy_specificity"": 5,
    ""general_practical_usefulness"": 5,
    ""general_organization_readability"": 5,
    ""general_tone_audience_fit"": 5
  },
  ""option_1_average"": 6.8,
  ""option_2_average"": 5.0
}",option_1,"Option 1 provides a clearer, more detailed analysis of discrepancies, explains relevant tax rules, and offers better guidance on corrections needed. It is more organized, specific, and better tailored to the client's needs, resulting in higher scores across most rubric dimensions.","{""general_accuracy_specificity"": 7, ""general_instruction_following"": 8, ""general_organization_readability"": 6, ""general_practical_usefulness"": 7, ""general_tone_audience_fit"": 7, ""task_dimension_1"": 7, ""task_dimension_2"": 6, ""task_dimension_3"": 8, ""task_dimension_4"": 7, ""task_dimension_5"": 6, ""task_dimension_6"": 7}","{""general_accuracy_specificity"": 5, ""general_instruction_following"": 6, ""general_organization_readability"": 5, ""general_practical_usefulness"": 5, ""general_tone_audience_fit"": 5, ""task_dimension_1"": 5, ""task_dimension_2"": 4, ""task_dimension_3"": 6, ""task_dimension_4"": 5, ""task_dimension_5"": 4, ""task_dimension_6"": 5}",6.8,5.0,True,gpt-4.1,GPT-4.1
0,4,0,"{
  ""final_choice"": ""option_1"",
  ""short_rationale"": ""Option 1 provides more detailed, specific feedback and corrections, directly addresses each discrepancy, and clearly lists the forms/schedules needing correction. It is more actionable and thorough, whereas Option 2 is vaguer and less precise in its recommendations."",
  ""option_1_scores"": {
    ""task_dimension_1"": 7,
    ""task_dimension_2"": 6,
    ""task_dimension_3"": 8,
    ""task_dimension_4"": 7,
    ""task_dimension_5"": 6,
    ""task_dimension_6"": 7,
    ""general_instruction_following"": 8,
    ""general_accuracy_specificity"": 7,
    ""general_practical_usefulness"": 7,
    ""general_organization_readability"": 6,
    ""general_tone_audience_fit"": 7
  },
  ""option_2_scores"": {
    ""task_dimension_1"": 5,
    ""task_dimension_2"": 4,
    ""task_dimension_3"": 6,
    ""task_dimension_4"": 5,
    ""task_dimension_5"": 4,
    ""task_dimension_6"": 5,
    ""general_instruction_following"": 6,
    ""general_accuracy_specificity"": 5,
    ""general_practical_usefulness"": 5,
    ""general_organization_readability"": 5,
    ""general_tone_audience_fit"": 5
  },
  ""option_1_average"": 6.8,
  ""option_2_average"": 5.0
}",option_1,"Option 1 provides more detailed, specific feedback and corrections, directly addresses each discrepancy, and clearly lists the forms/schedules needing correction. It is more actionable and thorough, whereas Option 2 is vaguer and less precise in its recommendations.","{""general_accuracy_specificity"": 7, ""general_instruction_following"": 8, ""general_organization_readability"": 6, ""general_practical_usefulness"": 7, ""general_tone_audience_fit"": 7, ""task_dimension_1"": 7, ""task_dimension_2"": 6, ""task_dimension_3"": 8, ""task_dimension_4"": 7, ""task_dimension_5"": 6, ""task_dimension_6"": 7}","{""general_accuracy_specificity"": 5, ""general_instruction_following"": 6, ""general_organization_readability"": 5, ""general_practical_usefulness"": 5, ""general_tone_audience_fit"": 5, ""task_dimension_1"": 5, ""task_dimension_2"": 4, ""task_dimension_3"": 6, ""task_dimension_4"": 5, ""task_dimension_5"": 4, ""task_dimension_6"": 5}",6.8,5.0,True,gpt-4.1,GPT-4.1
5,0,0,"{
  ""final_choice"": ""option_1"",
  ""short_rationale"": ""Option 1 provides a more thorough and structured analysis, clearly identifies discrepancies, and gives more actionable next steps. It more closely follows the instructions, explains the relevant tax rules, and is better organized for client understanding. Option 2 is less detailed, misses some nuances, and is less helpful overall."",
  ""option_1_scores"": {
    ""task_dimension_1"": 7,
    ""task_dimension_2"": 6,
    ""task_dimension_3"": 8,
    ""task_dimension_4"": 7,
    ""task_dimension_5"": 6,
    ""task_dimension_6"": 7,
    ""general_instruction_following"": 8,
    ""general_accuracy_specificity"": 7,
    ""general_practical_usefulness"": 7,
    ""general_organization_readability"": 6,
    ""general_tone_audience_fit"": 7
  },
  ""option_2_scores"": {
    ""task_dimension_1"": 5,
    ""task_dimension_2"": 4,
    ""task_dimension_3"": 6,
    ""task_dimension_4"": 5,
    ""task_dimension_5"": 4,
    ""task_dimension_6"": 5,
    ""general_instruction_following"": 6,
    ""general_accuracy_specificity"": 5,
    ""general_practical_usefulness"": 5,
    ""general_organization_readability"": 5,
    ""general_tone_audience_fit"": 5
  },
  ""option_1_average"": 6.8,
  ""option_2_average"": 5.0
}",option_1,"Option 1 provides a more thorough and structured analysis, clearly identifies discrepancies, and gives more actionable next steps. It more closely follows the instructions, explains the relevant tax rules, and is better organized for client understanding. Option 2 is less detailed, misses some nuances, and is less helpful overall.","{""general_accuracy_specificity"": 7, ""general_instruction_following"": 8, ""general_organization_readability"": 6, ""general_practical_usefulness"": 7, ""general_tone_audience_fit"": 7, ""task_dimension_1"": 7, ""task_dimension_2"": 6, ""task_dimension_3"": 8, ""task_dimension_4"": 7, ""task_dimension_5"": 6, ""task_dimension_6"": 7}","{""general_accuracy_specificity"": 5, ""general_instruction_following"": 6, ""general_organization_readability"": 5, ""general_practical_usefulness"": 5, ""general_tone_audience_fit"": 5, ""task_dimension_1"": 5, ""task_dimension_2"": 4, ""task_dimension_3"": 6, ""task_dimension_4"": 5, ""task_dimension_5"": 4, ""task_dimension_6"": 5}",6.8,5.0,True,gpt-4.1,GPT-4.1
0,9,0,"{
  ""final_choice"": ""option_1"",
  ""short_rationale"": ""Option 1 delivers a more thorough and organized review, clearly listing discrepancies, explaining rules, and outlining needed corrections and forms. It is more actionable, accurate, and better tailored to the client's needs, while Option 2 is less comprehensive and specific."",
  ""option_1_scores"": {
    ""task_dimension_1"": 7,
    ""task_dimension_2"": 6,
    ""task_dimension_3"": 8,
    ""task_dimension_4"": 7,
    ""task_dimension_5"": 6,
    ""task_dimension_6"": 7,
    ""general_instruction_following"": 8,
    ""general_accuracy_specificity"": 7,
    ""general_practical_usefulness"": 7,
    ""general_organization_readability"": 6,
    ""general_tone_audience_fit"": 7
  },
  ""option_2_scores"": {
    ""task_dimension_1"": 5,
    ""task_dimension_2"": 4,
    ""task_dimension_3"": 6,
    ""task_dimension_4"": 5,
    ""task_dimension_5"": 4,
    ""task_dimension_6"": 5,
    ""general_instruction_following"": 6,
    ""general_accuracy_specificity"": 5,
    ""general_practical_usefulness"": 5,
    ""general_organization_readability"": 5,
    ""general_tone_audience_fit"": 5
  },
  ""option_1_average"": 6.8,
  ""option_2_average"": 5.0
}",option_1,"Option 1 delivers a more thorough and organized review, clearly listing discrepancies, explaining rules, and outlining needed corrections and forms. It is more actionable, accurate, and better tailored to the client's needs, while Option 2 is less comprehensive and specific.","{""general_accuracy_specificity"": 7, ""general_instruction_following"": 8, ""general_organization_readability"": 6, ""general_practical_usefulness"": 7, ""general_tone_audience_fit"": 7, ""task_dimension_1"": 7, ""task_dimension_2"": 6, ""task_dimension_3"": 8, ""task_dimension_4"": 7, ""task_dimension_5"": 6, ""task_dimension_6"": 7}","{""general_accuracy_specificity"": 5, ""general_instruction_following"": 6, ""general_organization_readability"": 5, ""general_practical_usefulness"": 5, ""general_tone_audience_fit"": 5, ""task_dimension_1"": 5, ""task_dimension_2"": 4, ""task_dimension_3"": 6, ""task_dimension_4"": 5, ""task_dimension_5"": 4, ""task_dimension_6"": 5}",6.8,5.0,True,gpt-4.1,GPT-4.1
4,1,0,"{
  ""final_choice"": ""option_1"",
  ""short_rationale"": ""Option 1 provides a more thorough, organized, and client-focused analysis, clearly identifying discrepancies, explaining next steps, and addressing all major issues. It better follows the instructions by giving actionable advice and more detailed recommendations, whereas Option 2 is less specific and omits some key details."",
  ""option_1_scores"": {
    ""task_dimension_1"": 7,
    ""task_dimension_2"": 6,
    ""task_dimension_3"": 8,
    ""task_dimension_4"": 7,
    ""task_dimension_5"": 6,
    ""task_dimension_6"": 7,
    ""general_instruction_following"": 8,
    ""general_accuracy_specificity"": 7,
    ""general_practical_usefulness"": 7,
    ""general_organization_readability"": 6,
    ""general_tone_audience_fit"": 7
  },
  ""option_2_scores"": {
    ""task_dimension_1"": 5,
    ""task_dimension_2"": 4,
    ""task_dimension_3"": 6,
    ""task_dimension_4"": 5,
    ""task_dimension_5"": 4,
    ""task_dimension_6"": 5,
    ""general_instruction_following"": 6,
    ""general_accuracy_specificity"": 5,
    ""general_practical_usefulness"": 5,
    ""general_organization_readability"": 5,
    ""general_tone_audience_fit"": 5
  },
  ""option_1_average"": 6.8,
  ""option_2_average"": 5.0
}",option_1,"Option 1 provides a more thorough, organized, and client-focused analysis, clearly identifying discrepancies, explaining next steps, and addressing all major issues. It better follows the instructions by giving actionable advice and more detailed recommendations, whereas Option 2 is less specific and omits some key details.","{""general_accuracy_specificity"": 7, ""general_instruction_following"": 8, ""general_organization_readability"": 6, ""general_practical_usefulness"": 7, ""general_tone_audience_fit"": 7, ""task_dimension_1"": 7, ""task_dimension_2"": 6, ""task_dimension_3"": 8, ""task_dimension_4"": 7, ""task_dimension_5"": 6, ""task_dimension_6"": 7}","{""general_accuracy_specificity"": 5, ""general_instruction_following"": 6, ""general_organization_readability"": 5, ""general_practical_usefulness"": 5, ""general_tone_audience_fit"": 5, ""task_dimension_1"": 5, ""task_dimension_2"": 4, ""task_dimension_3"": 6, ""task_dimension_4"": 5, ""task_dimension_5"": 4, ""task_dimension_6"": 5}",6.8,5.0,True,gpt-4.1,GPT-4.1
1,5,0,"{
  ""final_choice"": ""option_1"",
  ""short_rationale"": ""Option 1 provides a clearer, more comprehensive, and better-organized review of the discrepancies, applicable rules, and necessary corrections. It more closely follows the instructions, addresses the task dimensions with greater detail and specificity, and offers more practical guidance for the client."",
  ""option_1_scores"": {
    ""task_dimension_1"": 7,
    ""task_dimension_2"": 6,
    ""task_dimension_3"": 8,
    ""task_dimension_4"": 7,
    ""task_dimension_5"": 6,
    ""task_dimension_6"": 7,
    ""general_instruction_following"": 8,
    ""general_accuracy_specificity"": 7,
    ""general_practical_usefulness"": 7,
    ""general_organization_readability"": 6,
    ""general_tone_audience_fit"": 7
  },
  ""option_2_scores"": {
    ""task_dimension_1"": 5,
    ""task_dimension_2"": 4,
    ""task_dimension_3"": 6,
    ""task_dimension_4"": 5,
    ""task_dimension_5"": 4,
    ""task_dimension_6"": 5,
    ""general_instruction_following"": 6,
    ""general_accuracy_specificity"": 5,
    ""general_practical_usefulness"": 5,
    ""general_organization_readability"": 5,
    ""general_tone_audience_fit"": 5
  },
  ""option_1_average"": 6.8,
  ""option_2_average"": 5.0
}",option_1,"Option 1 provides a clearer, more comprehensive, and better-organized review of the discrepancies, applicable rules, and necessary corrections. It more closely follows the instructions, addresses the task dimensions with greater detail and specificity, and offers more practical guidance for the client.","{""general_accuracy_specificity"": 7, ""general_instruction_following"": 8, ""general_organization_readability"": 6, ""general_practical_usefulness"": 7, ""general_tone_audience_fit"": 7, ""task_dimension_1"": 7, ""task_dimension_2"": 6, ""task_dimension_3"": 8, ""task_dimension_4"": 7, ""task_dimension_5"": 6, ""task_dimension_6"": 7}","{""general_accuracy_specificity"": 5, ""general_instruction_following"": 6, ""general_organization_readability"": 5, ""general_practical_usefulness"": 5, ""general_tone_audience_fit"": 5, ""task_dimension_1"": 5, ""task_dimension_2"": 4, ""task_dimension_3"": 6, ""task_dimension_4"": 5, ""task_dimension_5"": 4, ""task_dimension_6"": 5}",6.8,5.0,True,gpt-4.1,GPT-4.1
9,1,0,"{
  ""final_choice"": ""option_1"",
  ""short_rationale"": ""Option 1 is more thorough, addresses all key discrepancies in detail, and provides clearer, more actionable recommendations and explanations. It follows the instructions more closely, is more specific, and is better organized for practical use. Option 2 is less detailed, omits some necessary explanations, and is generally less useful for the client."",
  ""option_1_scores"": {
    ""task_dimension_1"": 7,
    ""task_dimension_2"": 6,
    ""task_dimension_3"": 8,
    ""task_dimension_4"": 7,
    ""task_dimension_5"": 6,
    ""task_dimension_6"": 7,
    ""general_instruction_following"": 8,
    ""general_accuracy_specificity"": 7,
    ""general_practical_usefulness"": 7,
    ""general_organization_readability"": 6,
    ""general_tone_audience_fit"": 7
  },
  ""option_2_scores"": {
    ""task_dimension_1"": 5,
    ""task_dimension_2"": 4,
    ""task_dimension_3"": 6,
    ""task_dimension_4"": 5,
    ""task_dimension_5"": 4,
    ""task_dimension_6"": 5,
    ""general_instruction_following"": 6,
    ""general_accuracy_specificity"": 5,
    ""general_practical_usefulness"": 5,
    ""general_organization_readability"": 5,
    ""general_tone_audience_fit"": 5
  },
  ""option_1_average"": 6.8,
  ""option_2_average"": 5.0
}",option_1,"Option 1 is more thorough, addresses all key discrepancies in detail, and provides clearer, more actionable recommendations and explanations. It follows the instructions more closely, is more specific, and is better organized for practical use. Option 2 is less detailed, omits some necessary explanations, and is generally less useful for the client.","{""general_accuracy_specificity"": 7, ""general_instruction_following"": 8, ""general_organization_readability"": 6, ""general_practical_usefulness"": 7, ""general_tone_audience_fit"": 7, ""task_dimension_1"": 7, ""task_dimension_2"": 6, ""task_dimension_3"": 8, ""task_dimension_4"": 7, ""task_dimension_5"": 6, ""task_dimension_6"": 7}","{""general_accuracy_specificity"": 5, ""general_instruction_following"": 6, ""general_organization_readability"": 5, ""general_practical_usefulness"": 5, ""general_tone_audience_fit"": 5, ""task_dimension_1"": 5, ""task_dimension_2"": 4, ""task_dimension_3"": 6, ""task_dimension_4"": 5, ""task_dimension_5"": 4, ""task_dimension_6"": 5}",6.8,5.0,True,gpt-4.1,GPT-4.1
4,5,0,"{
  ""final_choice"": ""option_1"",
  ""short_rationale"": ""Option 1 more thoroughly addresses the discrepancies, provides a clearer action plan, and better explains the relevant tax rules and next steps. It is more detailed, accurate, and useful for the client, with a more professional and organized tone. Option 2 is less specific and omits important clarifications."",
  ""option_1_scores"": {
    ""task_dimension_1"": 7,
    ""task_dimension_2"": 6,
    ""task_dimension_3"": 8,
    ""task_dimension_4"": 7,
    ""task_dimension_5"": 6,
    ""task_dimension_6"": 7,
    ""general_instruction_following"": 8,
    ""general_accuracy_specificity"": 7,
    ""general_practical_usefulness"": 7,
    ""general_organization_readability"": 6,
    ""general_tone_audience_fit"": 7
  },
  ""option_2_scores"": {
    ""task_dimension_1"": 5,
    ""task_dimension_2"": 4,
    ""task_dimension_3"": 6,
    ""task_dimension_4"": 5,
    ""task_dimension_5"": 4,
    ""task_dimension_6"": 5,
    ""general_instruction_following"": 6,
    ""general_accuracy_specificity"": 5,
    ""general_practical_usefulness"": 5,
    ""general_organization_readability"": 5,
    ""general_tone_audience_fit"": 5
  },
  ""option_1_average"": 6.8,
  ""option_2_average"": 5.0
}",option_1,"Option 1 more thoroughly addresses the discrepancies, provides a clearer action plan, and better explains the relevant tax rules and next steps. It is more detailed, accurate, and useful for the client, with a more professional and organized tone. Option 2 is less specific and omits important clarifications.","{""general_accuracy_specificity"": 7, ""general_instruction_following"": 8, ""general_organization_readability"": 6, ""general_practical_usefulness"": 7, ""general_tone_audience_fit"": 7, ""task_dimension_1"": 7, ""task_dimension_2"": 6, ""task_dimension_3"": 8, ""task_dimension_4"": 7, ""task_dimension_5"": 6, ""task_dimension_6"": 7}","{""general_accuracy_specificity"": 5, ""general_instruction_following"": 6, ""general_organization_readability"": 5, ""general_practical_usefulness"": 5, ""general_tone_audience_fit"": 5, ""task_dimension_1"": 5, ""task_dimension_2"": 4, ""task_dimension_3"": 6, ""task_dimension_4"": 5, ""task_dimension_5"": 4, ""task_dimension_6"": 5}",6.8,5.0,True,gpt-4.1,GPT-4.1
4,9,0,"{
  ""final_choice"": ""option_1"",
  ""short_rationale"": ""Option 1 is more thorough, client-focused, and better organized, addressing each discrepancy with clear next steps and a professional tone. It demonstrates a stronger grasp of the tax rules and provides better practical guidance for the client. Option 2 is more list-like, less detailed, and lacks the clarity, specificity, and tone expected for a client advisory context."",
  ""option_1_scores"": {
    ""task_dimension_1"": 7,
    ""task_dimension_2"": 6,
    ""task_dimension_3"": 8,
    ""task_dimension_4"": 7,
    ""task_dimension_5"": 6,
    ""task_dimension_6"": 7,
    ""general_instruction_following"": 8,
    ""general_accuracy_specificity"": 7,
    ""general_practical_usefulness"": 7,
    ""general_organization_readability"": 6,
    ""general_tone_audience_fit"": 7
  },
  ""option_2_scores"": {
    ""task_dimension_1"": 5,
    ""task_dimension_2"": 4,
    ""task_dimension_3"": 6,
    ""task_dimension_4"": 5,
    ""task_dimension_5"": 4,
    ""task_dimension_6"": 5,
    ""general_instruction_following"": 6,
    ""general_accuracy_specificity"": 5,
    ""general_practical_usefulness"": 5,
    ""general_organization_readability"": 5,
    ""general_tone_audience_fit"": 5
  },
  ""option_1_average"": 6.8,
  ""option_2_average"": 5.0
}",option_1,"Option 1 is more thorough, client-focused, and better organized, addressing each discrepancy with clear next steps and a professional tone. It demonstrates a stronger grasp of the tax rules and provides better practical guidance for the client. Option 2 is more list-like, less detailed, and lacks the clarity, specificity, and tone expected for a client advisory context.","{""general_accuracy_specificity"": 7, ""general_instruction_following"": 8, ""general_organization_readability"": 6, ""general_practical_usefulness"": 7, ""general_tone_audience_fit"": 7, ""task_dimension_1"": 7, ""task_dimension_2"": 6, ""task_dimension_3"": 8, ""task_dimension_4"": 7, ""task_dimension_5"": 6, ""task_dimension_6"": 7}","{""general_accuracy_specificity"": 5, ""general_instruction_following"": 6, ""general_organization_readability"": 5, ""general_practical_usefulness"": 5, ""general_tone_audience_fit"": 5, ""task_dimension_1"": 5, ""task_dimension_2"": 4, ""task_dimension_3"": 6, ""task_dimension_4"": 5, ""task_dimension_5"": 4, ""task_dimension_6"": 5}",6.8,5.0,True,gpt-4.1,GPT-4.1
9,5,0,"{
  ""final_choice"": ""option_1"",
  ""short_rationale"": ""Option 1 provides a more thorough, systematic, and detailed analysis of the client's tax situation, directly addresses the specific discrepancies, and gives actionable recommendations and form-level guidance. Option 2 is less specific, omits key details, and lacks the structured correction framework required by the rubric."",
  ""option_1_scores"": {
    ""task_dimension_1"": 7,
    ""task_dimension_2"": 6,
    ""task_dimension_3"": 8,
    ""task_dimension_4"": 7,
    ""task_dimension_5"": 6,
    ""task_dimension_6"": 7,
    ""general_instruction_following"": 8,
    ""general_accuracy_specificity"": 7,
    ""general_practical_usefulness"": 7,
    ""general_organization_readability"": 6,
    ""general_tone_audience_fit"": 7
  },
  ""option_2_scores"": {
    ""task_dimension_1"": 5,
    ""task_dimension_2"": 4,
    ""task_dimension_3"": 6,
    ""task_dimension_4"": 5,
    ""task_dimension_5"": 4,
    ""task_dimension_6"": 5,
    ""general_instruction_following"": 6,
    ""general_accuracy_specificity"": 5,
    ""general_practical_usefulness"": 5,
    ""general_organization_readability"": 5,
    ""general_tone_audience_fit"": 5
  },
  ""option_1_average"": 6.8,
  ""option_2_average"": 5.0
}",option_1,"Option 1 provides a more thorough, systematic, and detailed analysis of the client's tax situation, directly addresses the specific discrepancies, and gives actionable recommendations and form-level guidance. Option 2 is less specific, omits key details, and lacks the structured correction framework required by the rubric.","{""general_accuracy_specificity"": 7, ""general_instruction_following"": 8, ""general_organization_readability"": 6, ""general_practical_usefulness"": 7, ""general_tone_audience_fit"": 7, ""task_dimension_1"": 7, ""task_dimension_2"": 6, ""task_dimension_3"": 8, ""task_dimension_4"": 7, ""task_dimension_5"": 6, ""task_dimension_6"": 7}","{""general_accuracy_specificity"": 5, ""general_instruction_following"": 6, ""general_organization_readability"": 5, ""general_practical_usefulness"": 5, ""general_tone_audience_fit"": 5, ""task_dimension_1"": 5, ""task_dimension_2"": 4, ""task_dimension_3"": 6, ""task_dimension_4"": 5, ""task_dimension_5"": 4, ""task_dimension_6"": 5}",6.8,5.0,True,gpt-4.1,GPT-4.1
