model_id,replicate_id,output,condition,model_label,item_id,total_wins,total_games,avg_win_rate,avg_rank,std_rank,std_win_rate,judge_model,judge_label
google/gemini-3.1-pro,0,"Here is a cheap, simple, and allergy-friendly 7-day meal plan tailored to your tastes and sensitivities. 

To accommodate your super-taster sensitivity, all spices are kept mild and adjustable. Bitter vegetables (like broccoli or kale) and potentially soapy herbs (like fresh coriander) have been omitted. Because you are avoiding onions, we rely on mild spices, fresh ginger, and a squeeze of citrus for flavor without overwhelming your palate. Salt and sugar are kept to an absolute minimum.

### **Daily Snacks (Choose 1-2 per day)**
*   1 Banana with 1 tbsp natural peanut butter (no added salt/sugar)
*   Plain rice crackers with avocado
*   Hard-boiled eggs
*   Carrot sticks

---

### **7-Day Meal Plan**

**Day 1: Indian Flavors**
*   **Breakfast:** GF Oats cooked with lactose-free milk, topped with sliced banana.
*   **Lunch:** Simple Baked Potato topped with leftover plain shredded chicken (or canned tuna, if you eat fish) and a little avocado. 
*   **Dinner:** **Mild Indian Chicken & Potato Curry.** Diced chicken breast and cubed potatoes simmered in canned coconut milk, a pinch of mild curry powder, and ground turmeric. Serve with a small portion of white rice. *(Make double for tomorrow's lunch).*

**Day 2: Mexican Flavors**
*   **Breakfast:** Potato Hash (diced potatoes pan-fried in a little oil) topped with 2 fried eggs.
*   **Lunch:** Leftover Mild Indian Chicken & Potato Curry.
*   **Dinner:** **Mexican Beef Mince Tacos.** Beef mince browned in a pan with a dash of mild ground cumin and oregano. Serve in 100% corn tortillas (gluten-free) with diced avocado and a squeeze of lime. *(Make extra beef for tomorrow).*

**Day 3: Thai Flavors**
*   **Breakfast:** GF Oats cooked with lactose-free milk and a dash of cinnamon.
*   **Lunch:** Leftover Mexican Beef in corn tortillas.
*   **Dinner:** **Thai Chicken & Rice Noodle Stir-fry.** Flat rice noodles tossed with sliced chicken, grated carrot, and zucchini. Sauce: 1 tbsp GF Tamari (gluten-free soy sauce), a squeeze of lime juice, and a tiny bit of freshly grated ginger. *(Make double).*

**Day 4: Indian/Thai Fusion**
*   **Breakfast:** Potato Hash topped with 2 scrambled eggs.
*   **Lunch:** Leftover Thai Chicken & Rice Noodles.
*   **Dinner:** **Mild Beef & Potato Massaman-Style Curry.** Beef mince and cubed potatoes simmered in coconut milk, 1 tbsp peanut butter, and a pinch of ground ginger and cumin. *(Make double).*

**Day 5: Mexican Flavors**
*   **Breakfast:** GF Oats cooked with lactose-free milk and sliced banana.
*   **Lunch:** Leftover Massaman-Style Beef Curry.
*   **Dinner:** **Mexican Chicken & Rice Bowls.** Pan-grilled chicken breast strips (seasoned with a tiny pinch of mild paprika), served over white rice with canned corn kernels, diced capsicum, and avocado. *(Make double).*

**Day 6: Indian Flavors**
*   **Breakfast:** Potato Hash topped with 2 fried eggs.
*   **Lunch:** Leftover Mexican Chicken & Rice Bowl.
*   **Dinner:** **Indian Spiced Pork Mince & Mashed Potatoes.** Pork mince browned with grated zucchini, a pinch of turmeric, and mild curry powder. Serve over dairy-free mashed potatoes (mashed with a splash of lactose-free milk and olive oil). *(Make double).*

**Day 7: Thai Flavors**
*   **Breakfast:** GF Oats cooked with lactose-free milk.
*   **Lunch:** Leftover Pork Mince & Mashed Potatoes.
*   **Dinner:** **Simple Thai Fried Rice.** Day-old cold white rice pan-fried with 2 beaten eggs, leftover plain chicken or pork, grated carrots, a splash of GF Tamari, and a squeeze of lime. 

---

### **Grocery List**

**Produce:**
*   Potatoes (Large 3kg bag - versatile and cheap)
*   Bananas (1 bunch)
*   Carrots (1 bag)
*   Zucchini (2-3)
*   Red Capsicum (Bell Pepper) (1)
*   Avocados (2-3)
*   Limes (2)
*   Fresh Ginger root (small knob)

**Meat:**
*   Chicken Breast or Thigh fillets (approx. 800g - 1kg bulk pack)
*   Beef Mince (approx. 500g)
*   Pork Mince (approx. 500g)

**Dairy & Fridge:**
*   Lactose-Free Milk (1-2 Litres)
*   Eggs (1 dozen)

**Pantry:**
*   Gluten-Free Rolled Oats
*   White Rice (medium or jasmine)
*   Flat Rice Noodles (check ingredients to ensure 100% rice/water)
*   100% Corn Tortillas (check label for no wheat)
*   Canned Coconut Milk (2 cans, full fat or lite)
*   Canned Sweet Corn kernels (1 small tin)
*   Natural Peanut Butter (1 jar, no added salt/sugar)
*   Plain Rice Crackers (Gluten-free)
*   GF Tamari (Gluten-Free Soy Sauce - ensure no wheat)
*   Cooking oil (Olive oil or Canola/Vegetable oil)

**Spices (Check labels to ensure no onion powder/garlic powder blends):**
*   Mild Curry Powder
*   Ground Turmeric
*   Ground Cumin
*   Ground Paprika (Sweet/Mild, not smoked or hot)
*   Dried Oregano
*   Ground Cinnamon (optional, for oats)

---

### **Brief Prep Notes & Tips**
1.  **Cook Once, Eat Twice:** Every dinner is designed to yield at least two portions. Pack the second portion away immediately for tomorrow's lunch. This saves time, reduces cleanup, and keeps costs very low.
2.  **Spice Control:** Because you are a super-taster, start with just a *tiny pinch* (1/8th of a teaspoon) of spices like cumin or curry powder. Taste the food as it cooks, and only add more if you feel it needs it. 
3.  **Rice Prep:** On Day 6, make extra white rice and store it in the fridge overnight. Cold, day-old rice makes the best Fried Rice for Day 7 because it won't go mushy.
4.  **Potato Hash:** To make breakfast hash quickly, microwave a pierced potato for 3-4 minutes until slightly soft, then dice it and fry it in a pan with a little oil until crispy. 
5.  **Allergy Checks:** Always double-check the labels on your corn tortillas, rice noodles, and Tamari to ensure they are certified Gluten-Free, as cross-contamination can happen in factories. Ensure the curry powder has no onion powder hidden in the ingredients.",automation_Gemini-3.1-Pro,Gemini-3.1-Pro,9,21,21,1.0,1.0,,,anthropic/claude-opus-4-8,Claude-Opus-4.8
gpt-5-mini-2025-08-07,0,"Below is a cheap, simple 7‑day meal plan for one adult that avoids shellfish, gluten, lactose and onion, uses mostly mild, adjustable seasonings (easy to make less/ more spicy), and leans into meat, potatoes and Mexican / Thai / Indian flavours. Each day has breakfast, lunch, dinner and simple snacks. After the plan is a single grocery list with suggested quantities for one week and brief prep notes / batch‑cook tips.

Notes before you start
- Do not use any onion (including spring/onion greens). Garlic and ginger are included but optional — if you prefer, use garlic‑infused oil or a tiny pinch of asafoetida (hing) when frying to give an “onion‑like” background flavour.  
- Use low‑salt / low‑sugar options where possible (low‑sodium tamari, unsweetened plant milk, no added sugar in canned goods). Season lightly and offer chili, extra salt, lime, herbs on the side so you can adjust flavors per eating.  
- All breads/tortillas listed are gluten‑free (corn tortillas, GF bread). Use rice or rice noodles for gluten‑free starches.  
- Quantities on the grocery list are approximate for one adult for 7 days; scale up if cooking for more people.

Day 1
Breakfast
- Overnight GF oats (GF rolled oats + almond or soy milk) with a sliced banana and a small handful of chopped nuts and cinnamon. (Very lightly sweetened — honey optional.)

Lunch
- Roast chicken & potato salad: leftover roast or pan chicken pieces, boiled or roasted potato chunks, mixed salad leaves, cucumber, olive oil + lemon or lime dressing, chopped cilantro.

Dinner
- Mild Mexican beef tacos: pan‑fried beef mince with cumin + coriander + paprika (start small), mild chilli powder optional, served in warm corn tortillas with chopped tomato, shredded lettuce and avocado. Sauce/salsa on side.

Snacks
- Carrot sticks + hummus; an apple.

Day 2
Breakfast
- Scrambled eggs with baby spinach and chopped tomato, served with a corn tortilla or GF toast.

Lunch
- Tuna & chickpea salad: canned tuna in water, drained chickpeas, cucumber, cherry tomatoes, parsley, lemon juice, olive oil, cracked pepper (salt minimal).

Dinner
- Thai coconut chicken and rice: chicken pieces simmered gently in light coconut milk with grated ginger, garlic (optional), lime juice and a splash of gluten‑free tamari or fish sauce (optional). Serve with steamed jasmine rice and steamed broccoli.

Snacks
- Banana; small handful roasted peanuts.

Day 3
Breakfast
- Potato & pepper hash: diced cooked potatoes fried with diced red bell pepper and a little garlic, topped with a fried egg.

Lunch
- Leftover Thai coconut chicken wrapped in a corn tortilla or served over leftover rice with fresh cilantro and lime.

Dinner
- Mild Indian keema (mince curry): beef or lamb mince cooked with grated ginger + garlic, turmeric, cumin, coriander, canned tomatoes, peas (frozen ok). Keep spices mild; garnish with fresh coriander. Serve with rice.

Snacks
- Sliced cucumber + peanut or tahini dip; an orange.

Day 4
Breakfast
- Berry & spinach smoothie: almond milk, frozen berries, handful of spinach, 2 tbsp GF oats or a spoonful of peanut butter.

Lunch
- Keema over baked potato or rice (leftovers).

Dinner
- Mexican loaded baked potato: baked potato topped with warmed black beans (canned, rinsed), corn, mild tomato salsa, diced avocado and a spoon of plain coconut yoghurt (or lactose‑free yoghurt) as a drizzle.

Snacks
- Boiled egg; carrot sticks.

Day 5
Breakfast
- Omelette with tomato and fresh herbs, served with a corn tortilla.

Lunch
- Chicken + rice bowl: leftover roast chicken (or pan chicken), steamed rice, roasted carrots and cucumber, drizzle with lime + tahini or olive oil.

Dinner
- Thai‑style beef stir‑fry with rice noodles or rice: thin beef strips quickly stir‑fried with carrot, capsicum, garlic and ginger, low‑salt tamari and lime; keep sauce mild and serve extra lime on side.

Snacks
- Pear; small handful almonds.

Day 6
Breakfast
- Warm GF porridge (GF oats) with grated apple, cinnamon and chopped walnuts.

Lunch
- Mexican rice bowl: rice, black beans, corn, chopped tomato, avocado, leftover beef mince or drained canned tuna, lime juice.

Dinner
- Indian potato & pea curry (aloo matar) made without onion: fry mustard seeds (optional), garlic and ginger, add turmeric, cumin, coriander, canned tomatoes, diced potatoes and peas, simmer until tender; finish with fresh coriander. Serve with rice or corn flatbread.

Snacks
- Hummus + celery sticks; dairy‑free yoghurt with a few berries.

Day 7
Breakfast
- Fried eggs with roasted tomato halves and leftover roasted potato chunks.

Lunch
- Leftover aloo curry with rice or GF toast.

Dinner
- Sheet‑pan lemon‑herb chicken with roasted potato and green beans: chicken thighs or drumsticks tossed in olive oil, garlic, lemon zest and rosemary/thyme, roast until done with potato wedges and green beans.

Snacks
- Banana; mixed nuts.

Compact grocery list (approx for 1 adult, 7 days)
Proteins
- Whole chicken (or 1–1.2 kg chicken thighs/drumsticks) OR mix of chicken pieces — 1.2–1.5 kg  
- Beef mince (or lamb mince for keema) — ~600–700 g  
- Eggs — 12  
- Canned tuna in water — 2 x 185 g cans  
- Canned chickpeas — 1 can  
- Canned black beans — 1 can  
- Peanut butter; small jar  
- Small packet roasted peanuts or mixed nuts (snacks)

Carbs & pantry
- GF rolled oats — 500 g  
- Rice (jasmine or long grain) — 1–2 kg (buy cheapest bag)  
- Corn tortillas (pack) or GF wraps — 1 pack  
- Rice noodles (optional) — 1 pack (check gluten‑free)  
- Potatoes — 2–3 kg (cheap staple)  
- Canned tomatoes — 2 x 400 g cans  
- Canned light coconut milk — 2 tins  
- Low‑salt tamari (gluten‑free soy sauce) or gluten‑free soy sauce — 250 ml  
- Olive oil or vegetable oil — small bottle  
- Tahini (small jar) or plain peanut butter as alternate  
- Hummus (or ingredients to make: canned chickpeas, tahini, lemon, garlic)  
- Salt (use sparingly) and black pepper

Fresh produce
- Bananas — 6–7  
- Apples — 4  
- Oranges / mandarins — 3–4  
- Pears — 2  
- Avocados — 2–3  
- Lemons and limes — 4–6 (for dressings)  
- Tomatoes — 6–8 (or cherry tomatoes pack)  
- Cucumber — 1–2  
- Carrots — 1 kg  
- Bell peppers (mixed colours) — 3  
- Broccoli — 1 head or 1 bag frozen florets  
- Green beans (fresh or frozen) — 300–500 g  
- Spinach or mixed salad leaves — 1 bag  
- Potatoes (listed above) — 2–3 kg total  
- Frozen peas — 1 bag  
- Fresh cilantro/coriander — 1 bunch  
- Fresh ginger — small piece (50–100 g)  
- Garlic — 1 bulb (optional; omit if you prefer)

Frozen
- Frozen mixed berries — 1 bag (for smoothies)  
- Frozen veggies (optional cheap backup) — 1–2 bags

Dairy alternatives
- Almond, oat or soy milk (unsweetened) — 1–2 L  
- Coconut yoghurt or lactose‑free yoghurt — 1 tub (for drizzling/topping)

Spices & extras (small amounts of each)
- Ground cumin  
- Ground coriander  
- Turmeric  
- Mild paprika (or smoked paprika)  
- Mild chilli powder or chilli flakes (optional; keep separate)  
- Garam masala (optional, mild)  
- Cinnamon (for breakfasts)  
- Mustard seeds (optional for Indian dishes)  
- Asafoetida (hing) — optional tiny jar (only if you want onion‑like flavour without onion)  
- Dried herbs: oregano, rosemary or thyme  
- Low‑salt stock cubes (gluten‑free) — optional

Simple prep / batch‑cook notes (keeps cooking quick and cheap)
- Roast or cook the chicken at the start of the week (lemon/herb or plain salt & pepper). Use it for Day 1 lunch, Day 2 dinner leftovers, Day 5 lunch bowls. Store cooked chicken covered in fridge for 3–4 days or freeze portions.  
- Cook a large pot of rice (3–6 cups uncooked) and refrigerate in portions (reheat by sprinkling water and microwave or stir‑fry). Rice lasts ~3–4 days in fridge. Freeze extra.  
- Roast or boil a batch of potatoes (cut to roast wedges or boiled chunks). Use across breakfasts (hash), lunches and dinners. Potatoes are cheap and versatile.  
- Cook a double batch of spiced mince (keema, taco mince) and use across meals: tacos, rice bowls, baked potato topping. Reheat from fridge.  
- Make a simple hummus or buy a tub for easy snacks.  
- Pre‑wash and chop salad veg into containers so lunch assembly is fast.  
- Keep all spicy sauces / chilli on the side. Add small amounts so flavours stay mild for super‑taster sensitivity. Taste before adding more salt.

Quick cooking tips and seasoning guidance
- Keep spices light: start with 1/4–1/2 the amount recipes call for, taste, then add. Use fresh herbs and citrus (lime/lemon) to lift flavours rather than salt.  
- For “onion” flavour without onions: briefly fry a pinch of asafoetida in oil (very small amount) OR use garlic‑infused oil if garlic also bothers you. If using garlic, add late and in small amount.  
- Use low‑salt tamari, or dilute regular tamari with water for lower sodium.  
- If a recipe would normally use yoghurt/cream, substitute coconut yoghurt, coconut milk or almond milk and keep creaminess moderate to avoid overly rich sensations for a super‑taster.  
- Freeze leftovers in single portions if you don’t plan to eat within 3 days.

If you’d like, I can:
- Convert this into printable shopping lists by store sections, or  
- Provide three simple recipes (keema, Thai coconut chicken, quick hummus) with step‑by‑step instructions and exact spice amounts kept mild/adjustable.",automation_GPT-5-Mini,GPT-5-Mini,3,18,21,0.8571428571428571,2.0,,,anthropic/claude-opus-4-8,Claude-Opus-4.8
gpt-4.1,0,"Certainly! Here’s a **7-day meal plan** for an Australian adult with your dietary needs and preferences. This plan uses affordable, widely available ingredients and avoids shellfish, gluten, lactose, and onion. Seasonings are kept mild, with options to adjust. Each day includes breakfast, lunch, dinner, and snacks. At the end, you’ll find a grocery list and prep notes.

---

## DAY 1

**Breakfast:**  
- Scrambled eggs with spinach and tomato (cooked in olive oil)
- 1 gluten-free toast (e.g., Helga’s or Genius brand)

**Snack:**  
- Banana

**Lunch:**  
- Chicken and potato salad (boiled chicken breast, boiled diced potatoes, cucumber, carrot, lactose-free plain yoghurt, lemon juice, herbs)

**Snack:**  
- Rice cakes with sliced avocado

**Dinner:**  
- Mild beef mince chili (beef mince, canned tomatoes, capsicum, carrot, cumin, coriander, smoked paprika, serve with rice)

---

## DAY 2

**Breakfast:**  
- Oats made with water or lactose-free milk, topped with blueberries

**Snack:**  
- Carrot sticks

**Lunch:**  
- Turkey and veggie wrap (GF wrap, turkey breast, lettuce, grated carrot, cucumber, lactose-free mayo)

**Snack:**  
- Apple

**Dinner:**  
- Thai-style chicken and potato curry (chicken breast, diced potatoes, carrot, zucchini, coconut milk, ginger, mild curry paste—ensure onion-free, serve with rice)

---

## DAY 3

**Breakfast:**  
- Smoothie (lactose-free milk, banana, frozen berries, handful of spinach)

**Snack:**  
- Rice cakes with peanut butter

**Lunch:**  
- Leftover Thai-style chicken and potato curry

**Snack:**  
- Grapes

**Dinner:**  
- Grilled beef steak with roasted potatoes and steamed green beans

---

## DAY 4

**Breakfast:**  
- Boiled eggs, gluten-free toast

**Snack:**  
- Sliced cucumber with hummus (ensure onion-free)

**Lunch:**  
- Chicken and veggie stir-fry (chicken breast, carrot, capsicum, zucchini, GF soy sauce, serve with rice)

**Snack:**  
- Mandarins

**Dinner:**  
- Mexican-style beef and potato hash (beef mince, diced potatoes, tomato, capsicum, mild spices, serve with GF corn tortillas)

---

## DAY 5

**Breakfast:**  
- Oats with chopped apple and cinnamon

**Snack:**  
- Rice cakes with mashed avocado

**Lunch:**  
- Tuna and potato patties (tinned tuna in springwater, mashed potato, egg, herbs, pan-fried in olive oil, serve with salad)

**Snack:**  
- Sliced pear

**Dinner:**  
- Mild Indian chicken curry (chicken breast, diced potatoes, carrot, zucchini, coconut milk, mild curry powder, serve with rice)

---

## DAY 6

**Breakfast:**  
- Scrambled eggs with diced tomato and spinach

**Snack:**  
- Sliced carrots

**Lunch:**  
- Leftover Indian chicken curry

**Snack:**  
- Apple

**Dinner:**  
- Grilled lamb chops with boiled potatoes and steamed broccoli

---

## DAY 7

**Breakfast:**  
- Smoothie (lactose-free milk, banana, frozen berries, handful of spinach)

**Snack:**  
- Rice cakes with peanut butter

**Lunch:**  
- Turkey and salad GF wrap

**Snack:**  
- Grapes

**Dinner:**  
- Mild Mexican chicken burrito bowl (chicken breast, rice, black beans, tomato, lettuce, cucumber, corn, avocado, mild spices)

---

# Grocery List

**Proteins:**
- Chicken breast (about 1.5–2kg)
- Beef mince (500g)
- Beef steak (2)
- Lamb chops (2)
- Turkey breast slices (300g)
- Tinned tuna in springwater (2 cans)
- Eggs (1 dozen)

**Carbs & Grains:**
- Potatoes (2–3kg)
- GF wraps (1–2 packs)
- GF bread/toast (1 loaf)
- GF corn tortillas (1 pack)
- Rice (2kg)
- GF oats (1 pack)
- Rice cakes (1–2 packs)

**Dairy/Alternatives:**
- Lactose-free milk (2L)
- Lactose-free yoghurt (plain, 1 tub)
- Lactose-free mayo (1 jar)
- Coconut milk (2 cans)

**Vegetables:**
- Spinach (1 bag)
- Tomatoes (6–8)
- Carrots (1kg)
- Zucchini (3–4)
- Capsicum (2–3)
- Cucumber (2)
- Lettuce (1 head or bag)
- Green beans (200g)
- Broccoli (1 head)
- Corn (1 can or 2 cobs)
- Avocado (3–4)
- Mandarins (1 bag)
- Apples (6)
- Pears (2)
- Bananas (6)
- Blueberries (fresh or frozen, 1 punnet)
- Grapes (1 bunch)

**Pantry:**
- Canned tomatoes (2 cans)
- Black beans (1 can)
- Peanut butter (1 jar)
- Hummus (onion-free, 1 tub)
- Mild curry paste/powder (onion-free)
- Mild Mexican spice mix (onion-free)
- GF soy sauce
- Olive oil
- Lemon
- Cinnamon
- Dried herbs (parsley, coriander, cumin, smoked paprika)

**Snacks:**
- Extra fruit or veggies as needed

---

# Prep Notes

- **Boil a batch of potatoes** at the start of the week for salads and patties.
- **Cook extra rice** to use for lunches and dinners as needed.
- **Chop veggies** ahead for stir-fries, salads, and snacks.
- **Batch-cook curries and chili**; store leftovers for lunches.
- **Smoothies**: portion fruit and spinach into freezer bags for quick blending.
- **Seasoning:** Keep spices mild; serve extra on the side for those who want more heat.
- **Check labels** to ensure all products are gluten/lactose/onion-free.

---

**Tip:**  
Adjust portion sizes for your appetite. All meals are designed to be mild, but you can add extra herbs, lemon, or a dash of spice at the table if desired.

Let me know if you’d like recipes for any specific meal!",automation_GPT-4.1,GPT-4.1,2,14,21,0.6666666666666666,3.0,,,anthropic/claude-opus-4-8,Claude-Opus-4.8
o4-mini-2025-04-16,0,"7-Day Gluten-Free, Dairy-Free, Onion-Free Meal Plan  
(Uses mild, adjustable seasoning; avoid very salty/sweet; budget-friendly)

Day 1  
 Breakfast  
  • Overnight oats: gluten-free oats, almond milk, cinnamon, sliced banana  
 Lunch  
  • Chicken salad: shredded roast chicken, mixed greens, cucumber, tomato, olive-oil & lemon dressing  
 Dinner  
  • Thai-style coconut chicken soup: chicken pieces, sliced carrot, capsicum, garlic, ginger, light coconut milk, rice noodles (season with fish sauce*, lime, mild chilli to taste)  
 Snack  
  • Apple slices + handful almonds  
 Prep note  
  • Soak oats overnight. Roast/braise extra chicken for salads and Day 3. Cook extra rice noodles.

Day 2  
 Breakfast  
  • Green smoothie: spinach, frozen berries, banana, almond milk, a pinch of cinnamon  
 Lunch  
  • Beef & black-bean rice bowl: ground beef (mildly seasoned with cumin, paprika), canned black beans (rinsed), chopped tomato, avocado, squeeze of lime  
 Dinner  
  • Indian-style chicken & potato curry: chicken pieces, cubed potato, peas, garlic, ginger, turmeric, mild curry powder, light coconut milk; serve with steamed rice  
 Snack  
  • Carrot sticks + homemade hummus (chickpeas, tahini, garlic, lemon, olive oil, salt)  
 Prep note  
  • Cook extra rice for Day 4. Make hummus in advance.

Day 3  
 Breakfast  
  • Scrambled eggs with baby spinach and cherry-tomato halves  
 Lunch  
  • GF chicken tacos: warmed corn tortillas, shredded leftover roast chicken, lettuce, tomato, avocado, lime; optional mild salsa  
 Dinner  
  • Potato & capsicum hash: diced potato & capsicum pan-fried in oil, seasoned with paprika, garlic, salt & pepper; serve with a fried egg (or two)  
 Snack  
  • GF rice cakes + peanut butter  
 Prep note  
  • Dice potatoes/capsicum and store in fridge.

Day 4  
 Breakfast  
  • Chia pudding: chia seeds soaked overnight in coconut milk, topped with fresh berries or banana slices  
 Lunch  
  • Warm potato & egg salad: boiled potatoes, chopped hard-boiled eggs, chopped parsley/cilantro, olive oil, mustard, lemon  
 Dinner  
  • Mexican lentil chili: red lentils, canned tomatoes, diced capsicum, garlic, cumin, coriander, mild chilli powder; serve with corn tortilla chips  
 Snack  
  • Banana + handful walnuts  
 Prep note  
  • Pre-cook red lentils.

Day 5  
 Breakfast  
  • GF toast with mashed avocado, tomato slices, pinch of salt & pepper  
 Lunch  
  • Thai peanut chicken lettuce wraps: minced chicken stir-fried with grated carrot & garlic, tossed with a mild peanut sauce (peanut butter, light soy-free tamari, lime, water)  
 Dinner  
  • Simple dhal: red lentils cooked with turmeric, garlic, ginger; finish with a splash of coconut milk; serve with rice or leftover GF bread  
 Snack  
  • Cucumber sticks + guacamole (avocado, tomato, lime, garlic)  
 Prep note  
  • Stir-fry extra minced chicken for Day 7.

Day 6  
 Breakfast  
  • Mango-coconut smoothie bowl: frozen mango, coconut milk, topped with chia or sliced banana  
 Lunch  
  • Leftover dhal or chicken curry, reheated, served with rice or lettuce wraps  
 Dinner  
  • Beef & potato stir-fry: sliced beef, diced potato (pre-boiled), capsicum, garlic, light soy-free tamari, mild chilli to taste; serve over rice  
 Snack  
  • Mixed nuts & dried fruit  
 Prep note  
  • Pre-boil potatoes for faster stir-fry.

Day 7  
 Breakfast  
  • Omelette: eggs, diced capsicum & tomato, chopped cilantro  
 Lunch  
  • Chicken & potato patties: leftover shredded chicken + mashed potato + egg + gluten-free flour (or ground oats) → pan-fry; serve with side salad  
 Dinner  
  • Mexican stuffed peppers: halved capsicum filled with rice, black beans, tomato, cumin, coriander; bake until tender  
 Snack  
  • Fresh fruit salad (banana, apple, berries)  
 Prep note  
  • Mash leftover potatoes; core peppers in advance.

Grocery List

Produce  
 • Bananas (7)  
 • Apples (3-4)  
 • Mixed berries (fresh or frozen)  
 • Mango (frozen or fresh)  
 • Spinach (1 bag)  
 • Mixed salad greens or lettuce (1 head)  
 • Cucumber (2)  
 • Tomatoes (6-8)  
 • Cherry tomatoes (1 punnet)  
 • Capsicum/bell peppers (6)  
 • Carrots (1 bag)  
 • Potatoes (1.5 kg)  
 • Avocados (4)  
 • Limes (3)  
 • Garlic (1 bulb)  
 • Fresh ginger (small piece)  
 • Fresh cilantro/coriander (1 bunch)  

Proteins & Dairy Alternatives  
 • Chicken thighs or breasts (1.2 kg)  
 • Minced beef (or turkey) (500 g)  
 • Eggs (12)  
 • Canned black beans (2 cans)  
 • Canned chickpeas (1 can)  
 • Red lentils (500 g)  
 • Almond milk (1 L)  
 • Light coconut milk (2 cans)  
 • Peanut butter (no added sugar/salt)  

Grains & Snacks  
 • Gluten-free oats  
 • Gluten-free bread or wraps (1 loaf/pack)  
 • Corn tortillas (1 pack)  
 • Rice (1 kg)  
 • Rice noodles (200 g)  
 • GF rice cakes  
 • Chia seeds  
 • Mixed nuts (almonds, walnuts, etc.)  
 • Dried fruit or raisins  
 • Corn tortilla chips (optional)  

Oils & Condiments  
 • Olive oil  
 • Canola or vegetable oil  
 • Tahini  
 • Soy-free tamari (gluten-free) or GF soy sauce  
 • Mustard (check for gluten)  

Spices & Seasonings  
 • Salt (use sparingly)  
 • Black pepper  
 • Cinnamon  
 • Cumin powder  
 • Coriander powder  
 • Turmeric  
 • Paprika  
 • Mild chilli powder (optional)  
 • Curry powder (mild)  
 • Garam masala  
 • Dried oregano  

Basic Weekly Prep Notes  
 1. Cook a large batch of rice; store in fridge up to 4 days.  
 2. Pre-soak chia and overnight oats.  
 3. Roast/braise half the chicken; reserve for salads and tacos.  
 4. Pre-boil potatoes for quicker hashes, patties and stir-fries.  
 5. Pre-cook red lentils for dhal and chili.  
 6. Chop all veggies (capsicum, carrots, cucumbers, potatoes) on Day 1; keep in sealed containers.  
 7. Make hummus and guacamole early in the week; stir before serving.

Seasoning tip: always start with small amounts of salt, chilli or spice blends; let each eater adjust to taste.  
Enjoy simple, flavourful meals that fit your dietary needs and budget!",automation_GPT-O4-Mini,GPT-O4-Mini,5,10,21,0.47619047619047616,4.5,,,anthropic/claude-opus-4-8,Claude-Opus-4.8
openai/gpt-oss-120b,0,"## 7‑Day Budget‑Friendly Meal Plan  
**For:** 31‑year‑old Australian adult  
**Allergies / Intolerances:** Shellfish, gluten, lactose, onion  
**Flavor preferences:** Meat, potatoes, Mexican, Thai, Indian  
**Taste notes:** Super‑taster – keep seasoning mild; add extra herbs, a squeeze of lime, or a pinch of spice **to taste** at the table.  
**General rules:**  
* No added salt (use a pinch of sea‑salt in cooking, finish with a light sprinkle if needed).  
* No sugary sauces or desserts – keep sweet flavours low‑key.  
* All sauces are **optional** – serve on the side so you can control how much you use.  

---

### DAILY TEMPLATE
| Meal | Dish (ingredients) | Quick prep tip |
|------|-------------------|----------------|
| **Breakfast** | 1. **Savory Oat‑Up** – gluten‑free rolled oats cooked in water + a scrambled egg, chopped spinach, a drizzle of olive oil, pinch of turmeric.  <br>2. **Fruit & Nut bowl** – sliced banana, a handful of berries, 2 Tbsp almond‑milk yoghurt, 1 Tbsp chopped almonds. | Cook oats while you scramble the egg (≈5 min). |
| **Mid‑morning Snack** | Rice‑cake topped with avocado smash (½ avocado, squeeze lime, pinch pepper). | Mash avocado in advance. |
| **Lunch** | 1. **Mexican‑style Chicken & Rice Bowl** – grilled chicken breast, cooked brown rice, black beans, corn, diced red capsicum, chopped coriander, mild salsa (tomato‑free, just diced tomato, lime, cilantro). <br>2. **Thai‑inspired Beef Lettuce Wraps** – thinly sliced beef sautéed with ginger, garlic, a splash coconut‑milk, served in butter‑lettuce leaves, with shredded carrot & cucumber. | Cook a big batch of rice on day 1; keep chicken & beef pre‑portioned. |
| **Afternoon Snack** | Carrot & cucumber sticks + 3 Tbsp hummus (no garlic/onion). | Portion hummus into small containers. |
| **Dinner** | 1. **Indian‑style Potato & Lentil Curry** – diced potatoes, red lentils, coconut milk, cumin, coriander, turmeric, ginger, a pinch mild chili powder, served with basmati rice. <br>2. **Thai Coconut Chicken Soup (Tom Kha Gai – onion‑free)** – chicken pieces, coconut milk, lemongrass, kaffir‑lime leaves, ginger, mushrooms, lime juice, optional chili flakes. <br>3. **Mexican‑style Beef & Sweet‑Potato Chili** – ground beef, diced sweet potato, canned diced tomatoes, cumin, smoked paprika, a touch of chipotle powder (optional), served with a side of corn tortillas (gluten‑free). | Make a large pot of curry on Sunday; re‑heat portions. |
| **Evening Snack** (optional) | A small handful of unsalted mixed nuts or a piece of fruit. | Keep nuts in portion bags. |

> **Note:** Each day you can rotate the three dinner options (Curry, Soup, Chili) and the two lunch options (Mexican bowl or Thai lettuce wraps) to keep variety without extra shopping.

---

## DAY‑BY‑DAY MENU

| Day | Breakfast | Lunch | Dinner | Snacks |
|-----|-----------|-------|--------|--------|
| **Mon** | Savory Oat‑Up + fruit‑nut bowl | Mexican Chicken & Rice Bowl | Indian Potato & Lentil Curry (with rice) | Avocado rice‑cake, carrot sticks + hummus |
| **Tue** | Savory Oat‑Up + fruit‑nut bowl | Thai Beef Lettuce Wraps | Thai Coconut Chicken Soup | Avocado rice‑cake, cucumber sticks + hummus |
| **Wed** | Savory Oat‑Up + fruit‑nut bowl | Mexican Chicken & Rice Bowl | Mexican Beef & Sweet‑Potato Chili (corn tortillas) | Avocado rice‑cake, carrot sticks + hummus |
| **Thu** | Savory Oat‑Up + fruit‑nut bowl | Thai Beef Lettuce Wraps | Indian Potato & Lentil Curry (with rice) | Avocado rice‑cake, cucumber sticks + hummus |
| **Fri** | Savory Oat‑Up + fruit‑nut bowl | Mexican Chicken & Rice Bowl | Thai Coconut Chicken Soup | Avocado rice‑cake, carrot sticks + hummus |
| **Sat** | Savory Oat‑Up + fruit‑nut bowl | Thai Beef Lettuce Wraps | Mexican Beef & Sweet‑Potato Chili (corn tortillas) | Avocado rice‑cake, cucumber sticks + hummus |
| **Sun** | Savory Oat‑Up + fruit‑nut bowl | Mexican Chicken & Rice Bowl | Indian Potato & Lentil Curry (with rice) | Avocado rice‑cake, mixed nuts |

---

## GROCERY LIST (≈ $70‑$85 for the week, Australian prices)

### Proteins
| Item | Qty | Notes |
|------|-----|-------|
| Chicken breast, skinless | 1 kg | Cut into strips for bowls & soup |
| Lean ground beef | 500 g | For chili |
| Beef sirloin or rump strips | 500 g | For lettuce wraps |
| Eggs | 12 | For breakfast |
| Red lentils | 500 g | Dry, store‑bought |
| Canned black beans | 2 × 400 g | Rinse before use |
| Canned chickpeas (optional for extra snack) | 1 × 400 g | |

### Carbohydrates
| Item | Qty | Notes |
|------|-----|-------|
| Brown rice (or basmati) | 1 kg | Cook in bulk |
| Gluten‑free corn tortillas | 1 × 10‑12 pack | For chili |
| Gluten‑free rolled oats | 500 g | For breakfast |
| Rice cakes (plain) | 1 × 12 pack | |

### Vegetables & Fruit
| Item | Qty | Notes |
|------|-----|-------|
| Potatoes (white) | 1 kg | Diced for curry |
| Sweet potatoes | 1 kg | Diced for chili |
| Red capsicum (bell pepper) | 3 | Sliced for bowls |
| Carrots | 1 kg | Sticks & curry |
| Cucumber | 2 | Sticks & wraps |
| Spinach (fresh) | 200 g | Breakfast |
| Butter lettuce (or large lettuce) | 2 heads | Wraps |
| Avocado | 4 | Snacks |
| Lime | 6 | Juice for seasoning |
| Lemon | 2 | Optional |
| Fresh cilantro (coriander) | 1 bunch | Garnish |
| Fresh basil (Thai) | 1 bunch | Optional |
| Fresh ginger | 100 g | Grated |
| Garlic cloves | 2 bulbs | Minced |
| Mushrooms (button) | 250 g | Soup |
| Tomatoes (ripe) | 4 | For salsa |
| Bananas | 6 | Breakfast |
| Berries (frozen or fresh) | 300 g | Breakfast |
| Apple or pear | 4 | Snack |

### Canned / Shelf‑stable
| Item | Qty | Notes |
|------|-----|-------|
| Coconut milk (full‑fat) | 4 × 400 ml | Curry & soup |
| Diced tomatoes (no onion) | 2 × 400 g | Chili |
| Gluten‑free soy sauce or tamari | 1 × 150 ml | Optional light seasoning |
| Olive oil | 500 ml | Cooking |
| Almond‑milk yoghurt (plain, unsweetened) | 500 g | Breakfast snack |
| Mixed unsalted nuts | 200 g | Evening snack |
| Hummus (plain, onion‑free) | 200 g | Snack |

### Spices & Condiments (small jars – you’ll have leftovers)
| Item | Qty | Use |
|------|-----|-----|
| Turmeric powder | 1 × 30 g | Oat‑up, curry |
| Cumin ground | 1 × 30 g | Curry, chili |
| Coriander ground | 1 × 30 g | Curry, chili |
| Smoked paprika | 1 × 30 g | Chili |
| Mild chili powder | 1 × 30 g | Optional heat |
| Chipotle powder (optional) | 1 × 15 g | Chili |
| Black pepper (whole or ground) | 1 × 30 g | General |
| Sea salt (light) | 1 × 250 g | Light seasoning |
| Lemongrass stalks (fresh) | 2 | Soup |
| Kaffir‑lime leaves (dried) | 1 × 10 g | Soup |

---

## QUICK PREP NOTES (Batch‑cook to save time & money)

1. **Rice:** Cook 2 kg of brown/basmati rice in a large pot (or rice cooker) on **Day 1**. Portion into 7 containers (≈150 g cooked each) – one for each lunch/dinner. Store in fridge (up to 4 days) or freeze extra.

2. **Roast Potatoes & Sweet Potatoes:**  
   * Pre‑cut 1 kg each into 1‑cm cubes, toss with 1 Tbsp olive oil, pinch of sea‑salt, and bake at 200 °C for 25‑30 min. Cool and store in airtight containers – ready for curry or chili.

3. **Chicken & Beef:**  
   * **Chicken:** Grill or pan‑sear 500 g sliced chicken with a light drizzle of oil, pinch of cumin & coriander. Cool, slice, and store for the Mexican bowls.  
   * **Beef strips:** Sauté 500 g beef with minced garlic & grated ginger; keep separate for lettuce wraps.  

4. **Lentils & Beans:**  
   * Rinse red lentils; cook 1 cup with 2 ½ cups water, simmer 15 min until soft.  
   * Rinse canned black beans; keep in a bowl.

5. **Curry Base (Indian):**  
   * In a large pot, heat 1 Tbsp oil, add 1 tsp each cumin, coriander, turmeric, pinch mild chili, and 1 tsp grated ginger. Add roasted potatoes, cooked lentils, 400 ml coconut milk, and 200 ml water. Simmer 15 min. Portion into 3‑4 containers; re‑heat with extra rice.

6. **Thai Soup (Tom Kha Gai – onion‑free):**  
   * Simmer 400 ml coconut milk with 2 stalks lemongrass (crushed), 3‑4 kaffir‑lime leaves, 1 tsp grated ginger, and sliced mushrooms (200 g). Add chicken strips, cook 5 min. Finish with juice of 1 lime, a pinch of pepper. Store in fridge (2 days).

7. **Mexican Chili (Beef & Sweet‑Potato):**  
   * Brown ground beef, add diced sweet‑potato, 1 tsp cumin, 1 tsp smoked paprika, pinch mild chili, 400 g diced tomatoes, and ½ cup water. Simmer 20 min. Portion for 3‑4 dinners.

8. **Hummus & Avocado:**  
   * Portion hummus into 7 small containers. Mash avocado with lime juice and a pinch of pepper; keep in an airtight container (add a thin lemon slice on top to limit browning).

9. **Breakfast Oats:**  
   * Keep a jar of rolled oats; each morning cook ½ cup with water (2 min microwave) and stir in a scrambled egg, spinach, and a dash of turmeric.

10. **Snacks:**  
    * Wash and cut carrot & cucumber sticks; store in water‑filled containers in fridge.  
    * Portion mixed nuts into 7 small zip‑bags.

---

### How to Adjust Seasoning (Super‑taster friendly)

* **Mildness first:** Cook all dishes with **only a pinch** of each spice and **no added salt**.  
* **At the table:** Offer small bowls of:  
  * Lime wedges  
  * Fresh chopped cilantro or basil  
  * A tiny shaker of sea‑salt (optional)  
  * Chili flakes or chipotle powder (for those who want heat)  
* This way you can **add** flavor **only** to the bite you’re eating, keeping the overall dish gentle on the palate.

---

#### Enjoy your week of tasty, allergy‑safe meals without breaking the bank! Feel free to swap any protein (e.g., use turkey mince instead of beef) or vegetable based on what’s on sale. Bon appétit!",automation_GPT-OSS-120B,GPT-OSS-120B,8,10,21,0.47619047619047616,4.5,,,anthropic/claude-opus-4-8,Claude-Opus-4.8
deepseek-ai/DeepSeek-V3.1,0,"Of course. Here is a cheap, simple, and flavourful 7-day meal plan designed for your specific dietary needs and taste preferences.

### **Important Notes Before You Start**

*   **""Gluten-Free"":** Always check labels on sauces, spices, and pre-packaged goods. Look for certified gluten-free oats and tamari (wheat-free soy sauce).
*   **""Lactose-Free"":** This plan avoids dairy entirely for simplicity. For optional creaminess, use coconut cream/milk or a splash of lactose-free milk.
*   **""Onion-Free"":** Asafoetida (hing) is a spice used in Indian cooking that provides an onion/garlic-like flavour base. Use it sparingly (a pinch is enough). It's optional but highly recommended for depth of flavour.
*   **Seasoning:** Seasonings are kept mild. Add chilli flakes, fresh chilli, or extra spice blends at the table to adjust to your super-taster sensitivity.
*   **Prep:** Many lunches are designed to be dinner leftovers to save time and money.

---

### **7-Day Meal Plan**

**Day 1**
*   **Breakfast:** Gluten-free porridge made with water or lactose-free milk, topped with a sliced banana and a drizzle of maple syrup.
*   **Lunch:** Leftover Mexican Beef from last night's dinner.
*   **Dinner:** **Mexican Beef Bowls.** Browned beef mince with gluten-free taco seasoning (onion-free), served over rice with toppings: diced tomato, canned corn, shredded lettuce, and avocado.
*   **Snack:** An apple and a handful of almonds.

**Day 2**
*   **Breakfast:** Scrambled eggs (2-3) cooked in olive oil, served with sliced tomato and a side of pan-fried potato cubes.
*   **Lunch:** Leftover Mexican Beef from Monday.
*   **Dinner:** **Simple Mild Thai Curry.** Sauté diced chicken thigh with Thai curry paste (check label for gluten/onion). Add canned coconut milk, diced potatoes, and chopped carrots. Simmer until tender. Serve with rice.
*   **Snack:** Rice cakes with peanut butter.

**Day 3**
*   **Breakfast:** Smoothie made with frozen berries, lactose-free milk or water, a spoonful of peanut butter, and a banana.
*   **Lunch:** Leftover Thai Curry from Tuesday.
*   **Dinner:** **Shepherd's Pie.** Beef mince and mixed veggies (peas, corn, carrots) in a gravy (use gluten-free stock powder and cornflour to thicken). Top with mashed potato and bake until golden.
*   **Snack:** Carrot and cucumber sticks with hummus (check label for onion).

**Day 4**
*   **Breakfast:** Gluten-free toast with avocado and a sprinkle of paprika.
*   **Lunch:** Leftover Shepherd's Pie.
*   **Dinner:** **Pan-Fried Chicken & Mash.** Season chicken breasts with paprika, salt, and pepper. Pan-fry until cooked through. Serve with creamy mashed potato and steamed green beans.
*   **Snack:** A pear and a hard-boiled egg.

**Day 5**
*   **Breakfast:** Greek yogurt (lactose-free) with a handful of gluten-free muesli and berries.
*   **Lunch:** Leftover chicken and mash from Thursday.
*   **Dinner:** **""Butter Chicken"" (Onion/Dairy-Free).** Sauté chicken thigh chunks. Add a sauce made from tomato paste, coconut cream, ground cumin, coriander, garam masala, and a pinch of asafoetida. Simmer and serve with rice.
*   **Snack:** A handful of plain popcorn.

**Day 6**
*   **Breakfast:** Breakfast hash: diced potato, pan-fried with diced bacon and topped with a fried egg.
*   **Lunch:** Leftover ""Butter Chicken"" from Friday.
*   **Dinner:** **Baked Potatoes.** Large baked potatoes topped with canned chili beans (in tomato sauce, check label), grated cheese (lactose-free), and a dollop of lactose-free sour cream.
*   **Snack:** Banana ""ice cream"" (blended frozen banana).

**Day 7**
*   **Breakfast:** GF porridge as Day 1, or with berries.
*   **Lunch:** Leftover baked potato filling or make a quick omelette with leftover veggies.
*   **Dinner:** **Roast Chicken & Veg.** Roast a whole chicken or chicken pieces with potatoes, carrots, and pumpkin. Use a simple glaze of olive oil, lemon juice, rosemary, salt, and pepper.
*   **Snack:** Rice cakes with avocado.

---

### **Grocery List**

**Produce**
*   Potatoes (large for baking, general for mashing)
*   Carrots
*   Pumpkin (optional)
*   Tomatoes
*   Lettuce (iceberg or cos)
*   Avocados (2-3)
*   Bananas (a bunch)
*   Apples & Pears (a few of each)
*   Berries (fresh or frozen)
*   Lemon (1)
*   Ginger & Garlic (fresh)
*   Green Beans
*   Cucumber
*   Fresh Coriander (optional garnish)

**Meat & Alternatives**
*   Beef Mince (500g-1kg)
*   Chicken Thighs (boneless, skinless - 500g-1kg)
*   Chicken Breast (2)
*   Whole Chicken or pieces (for roast)
*   Bacon (optional, for hash)
*   Eggs (dozen)

**Pantry**
*   Gluten-Free Rolled Oats
*   Rice (white or brown)
*   Canned Corn
*   Canned Coconut Milk/Cream (2 cans)
*   Canned Chili Beans (onion-free)
*   Tomato Paste (tube or can)
*   Gluten-Free Stock Powder (beef & chicken)
*   Gluten-Free Soy Sauce or Tamari
*   **Spices:** Paprika, Cumin (ground), Coriander (ground), Garam Masala, **Asafoetida (Hing - optional but recommended)**, Rosemary, Black Pepper
*   Thai Curry Paste (Red or Green - check label for gluten/onion)
*   Gluten-Free Taco Seasoning (or make your own with paprika, cumin, coriander)
*   Olive Oil
*   Maple Syrup
*   Peanut Butter (100% nuts)
*   Hummus (check label for onion)
*   Almonds (or other nuts)
*   Plain Popcorn Kernels
*   Rice Cakes
*   Gluten-Free Bread (1 loaf)

**Dairy Alternatives (Optional)**
*   Lactose-Free Milk (small carton)
*   Lactose-Free Greek Yoghurt
*   Lactose-Free Cheese (for grating)
*   Lactose-Free Sour Cream

---

### **Prep Notes**

*   **Weekly Cook-Up:** Cook a large batch of rice at the start of the week to use for multiple meals.
*   **Potatoes:** You can pre-wash and chop potatoes for the week; keep them submerged in water in the fridge to prevent browning.
*   **Mince:** Browning all the mince at once can save time. Use half for Mexican, half for Shepherd's Pie.
*   **Chicken:** Dicing all the chicken thighs at once allows you to split it for the Thai Curry and ""Butter Chicken.""
*   **Adjusting Flavours:** Keep individual condiments like chili flakes, extra tamari, or lime wedges on the table so you can personalize the intensity of your meal.",automation_DeepSeek-V3.1,DeepSeek-V3.1,7,8,21,0.38095238095238093,6.0,,,anthropic/claude-opus-4-8,Claude-Opus-4.8
o3-mini-2025-01-31,0,"Below is a sample 7‐day meal plan that is designed to be simple, budget‐friendly, and mindful of your shellfish, gluten, lactose, and onion restrictions. The recipes use mild, adjustable seasonings so you can tailor the flavor intensity for your super‐taster sensitivity while incorporating meat, potatoes, and the Mexican, Thai, and Indian flavors you enjoy. Feel free to adjust portion sizes and spice amounts as needed.

────────────────────────────
7‐DAY MEAL PLAN

–––––– Day 1 ––––––
• Breakfast: Gluten‐Free Porridge  
  – Gluten‐free oats cooked in lactose‐free (or almond) milk, topped with sliced banana and a sprinkle of cinnamon.
  
• Mid‐Morning Snack:  
  – Apple slices served with a small dollop of nut butter (almond or sunflower seed).

• Lunch: Chicken Potato Salad  
  – Grilled chicken breast (season lightly with garlic, pepper, and a squeeze of lemon).  
  – Boiled, cubed potatoes, mixed with chopped lettuce, cucumber, and tomato.  
  – Drizzle with olive oil and lemon juice.

• Afternoon Snack:  
  – Carrot and celery sticks with a small bowl of homemade onion‐free hummus (blend chickpeas with garlic, lemon juice, tahini, and a little water).

• Dinner: Mild Indian Chicken & Potato Curry  
  – Sauté chicken pieces (using garlic and ginger) with diced potatoes and a handful of peas.  
  – Add chopped tomato and Indian spices (turmeric, cumin, coriander – use sparingly) and a bit of coconut milk for creaminess.  
  – Simmer until chicken is tender. Serve with steamed white or brown rice.

• Evening Snack:  
  – A couple of rice cakes topped with smashed avocado and a tiny pinch of salt‐free seasoning.
  
–––––– Day 2 ––––––
• Breakfast: Avocado Rice Cakes  
  – Two rice cakes spread with mashed avocado and topped with thin tomato slices.

• Mid‐Morning Snack:  
  – One banana.

• Lunch: Mexican Beef Lettuce Wraps  
  – Lightly seasoned ground beef (using cumin, paprika, and garlic) cooked until browned.  
  – Spoon the beef into crisp lettuce leaves along with diced tomato and small avocado cubes.  
  – Optional: Sprinkle a dairy‐free cheese alternative if desired.

• Afternoon Snack:  
  – A handful of raw almonds.

• Dinner: Thai Basil Chicken with Potatoes  
  – Stir‐fry thinly sliced chicken breast with chopped garlic and basil leaves (use fresh Thai basil if available; adjust the quantity for mild flavor).  
  – Steam a side of potato cubes (boiled until tender) and white rice on the side.  
  – Season lightly with gluten‐free tamari (a substitute for soy sauce) and a squeeze of lime.

• Evening Snack:  
  – A small bowl of fresh berries (or sliced kiwi if berries are out of season).

–––––– Day 3 ––––––
• Breakfast: Green Smoothie  
  – Blend a handful of spinach with a banana and lactose‐free or coconut yogurt for creaminess.

• Mid‐Morning Snack:  
  – A small handful of walnuts.

• Lunch: Thai Lemongrass Beef Stir‐Fry  
  – Sauté thin strips of beef with sliced red or yellow bell peppers and julienned carrots.  
  – Add a few bruised lemongrass stalks (remove before serving) along with garlic and a squeeze of lime.  
  – Finish with a drizzle of gluten‐free tamari and serve over rice noodles.

• Afternoon Snack:  
  – Sliced cucumber sprinkled with a drop of lime juice.

• Dinner: Indian Spiced Chicken & Potato Bake  
  – Arrange chicken thighs (or breasts) in a baking dish with diced potatoes, chopped bell peppers, and tomato.  
  – Toss with garlic, ginger, turmeric, and a pinch of garam masala (use very little at first, tasting for mildness).  
  – Bake at 180°C (350°F) until the chicken is cooked through and potatoes are soft. Serve with steamed rice.

• Evening Snack:  
  – Gluten‐free crackers with a lactose‐free cheese alternative or dairy‐free spread.

–––––– Day 4 ––––––
• Breakfast: Blueberry Oatmeal  
  – Prepare gluten‐free oats in lactose‐free milk, stir in blueberries, and add a light drizzle of honey.

• Mid‐Morning Snack:  
  – One orange (peeled and sectioned).

• Lunch: Mexican Chicken Salad  
  – Combine shredded grilled chicken with diced tomatoes, cucumber, bell peppers, and a small amount of corn (canned low‐sodium or fresh).  
  – Toss with a dressing made of lime juice, a tiny bit of cumin, and olive oil on a bed of mixed lettuce.

• Afternoon Snack:  
  – Carrot sticks.

• Dinner: Indian Lamb Stew  
  – Simmer diced lamb with potatoes, carrots, and peas in a base of chopped tomato, garlic, and ginger.  
  – Season with mild turmeric, cumin, and coriander.  
  – Let it gently simmer until the lamb is tender. Serve with steamed rice.

• Evening Snack:  
  – A small handful of unsalted pumpkin seeds.

–––––– Day 5 ––––––
• Breakfast: Rice Cakes with Sunflower Butter  
  – Spread sunflower seed butter on rice cakes and top with banana slices.

• Mid‐Morning Snack:  
  – One pear.

• Lunch: Mexican Grilled Chicken Tacos  
  – Season a chicken breast lightly with cumin and paprika, then grill and slice.  
  – Serve in warm corn tortillas with diced tomato, optional cilantro (or parsley if you prefer a milder herb), and a squeeze of lime.

• Afternoon Snack:  
  – Fresh bell pepper strips.

• Dinner: Thai Coconut Chicken Soup (Tom Kha Gai–inspired, no onion)  
  – In a pot, combine chicken pieces with baby potatoes, mushrooms (or sliced zucchini if preferred), and tomato in a light coconut milk broth.  
  – Add garlic, a few lime leaves, a slice of galangal (or a small piece of ginger as substitute), and a very small amount of Thai spices.  
  – Warm through until the chicken is cooked; adjust lime juice for tang.

• Evening Snack:  
  – A small bowl of pineapple chunks.

–––––– Day 6 ––––––
• Breakfast: Mixed Berry Smoothie  
  – Blend lactose‐free or coconut milk with banana, a few strawberries, and a handful of spinach.

• Mid‐Morning Snack:  
  – A rice cake lightly spread with almond butter.

• Lunch: Mexican Beef & Potato Stew  
  – Brown ground beef with garlic (avoid onions) then add diced potatoes, bell peppers, chopped tomato, and a few corn kernels.  
  – Season with cumin, paprika, and a splash of water or low‐sodium broth.  
  – Simmer until potatoes are tender; serve over a bed of rice.

• Afternoon Snack:  
  – Sliced apple.

• Dinner: Thai Green Curry Chicken with Potatoes  
  – Prepare a mild green curry by gently simmering chicken pieces, diced potatoes, green beans, and bell peppers in a coconut milk base with a spoonful of gluten‐free green curry paste (start with less and adjust).  
  – Serve with a side of steamed rice.

• Evening Snack:  
  – A few gluten‐free crackers.

–––––– Day 7 ––––––
• Breakfast: Gluten‐Free Toast with Avocado  
  – Toast slices of gluten‐free bread and top with mashed avocado and a pinch of salt‐free seasoning (or a squeeze of lemon).

• Mid‐Morning Snack:  
  – Sliced kiwi.

• Lunch: Mexican Pork Lettuce Wraps  
  – Sauté lean pork mince with garlic, a dash of cumin and paprika, and mix in diced fresh tomato.  
  – Spoon the mixture into crisp lettuce leaves, adding a squeeze of lime.

• Afternoon Snack:  
  – Carrot and celery sticks.

• Dinner: Indian Tandoori‐Style Chicken Roast  
  – Marinate chicken pieces in a mixture of dairy‐free yogurt (lactose‐free or coconut yogurt), lemon juice, garlic, ginger, and tandoori spices (use a mild blend).  
  – Roast together with diced potatoes until charred edges form and the chicken is cooked.  
  – Serve with a simple side salad (lettuce, cucumber, and tomato dressed lightly with olive oil and lemon).

• Evening Snack:  
  – A small handful of mixed unsalted nuts.

────────────────────────────
GROCERY LIST (Adjust quantities based on servings and number of people)
Protein & Dairy Alternatives
• Chicken breasts/thighs (for curry, salad, tacos, soup, roast)
• Lean ground beef (for lettuce wraps and stew)
• Lamb pieces (stew)
• Lean pork mince (for lettuce wraps)
• Lactose‐free milk or almond/coconut milk
• Coconut yogurt or lactose‐free yogurt
• Dairy‐free cheese alternative (optional)

Grains & Bread
• Gluten‐free oats
• Rice cakes
• White or brown rice
• Gluten‐free bread
• Corn tortillas
• Rice noodles
• Gluten‐free crackers

Vegetables & Fruits
• Potatoes (regular and baby, as needed)
• Mixed lettuce or salad greens
• Cucumber
• Tomatoes (fresh and/or canned low‐sodium)
• Bell peppers (varied colors)
• Carrots
• Celery
• Spinach
• Green beans
• Peas
• Corn (frozen or canned)
• Lemongrass stalks (or fresh substitute)
• Fresh lime and lemon
• Garlic
• Fresh ginger (and/or galangal if available)
• Fresh basil (Thai basil preferred)
• Optional: cilantro or parsley (for a milder herb note)
• Bananas, apples, oranges, pears, kiwi, pineapple, berries

Pantry, Spices & Miscellaneous
• Olive oil
• Tahini (for hummus)
• Canned chickpeas (for homemade hummus)
• Almond butter or sunflower seed butter
• Raw almonds, walnuts, mixed unsalted nuts, pumpkin seeds
• Gluten‐free tamari (for a soy‐sauce substitute)
• Indian spices: turmeric, cumin, coriander, garam masala, tandoori spice mix (check for no onion/garlic pre‐blend if needed)
• Thai curry pastes (green and/or red – ensure gluten free) – start with a small quantity
• Mild paprika
• Honey (for oatmeal)
• Rice vinegar (optional)
• Corn kernels (canned low‐sodium or fresh)
• Fresh or canned tomatoes for stews and salads

────────────────────────────
PREP & COOKING NOTES
1. Batch Cooking:  
   – Prepare larger quantities of rice (or rice noodles) at the start of the week and store in the fridge.  
   – Roast or boil potatoes in advance (keeping them plain) and use them in salads and curries.

2. Veggie Prep:  
   – Wash and cut vegetables (such as bell peppers, carrots, cucumbers) ahead of time for easy snack access and quicker meal assembly.

3. Marinating Proteins:  
   – For dishes like tandoori‐style chicken or grilled meats, mix your marinade ingredients a day ahead and refrigerate to enhance flavor (adjust spices to keep flavors mild).

4. Spice Adjustment:  
   – Start with smaller amounts of spices and add gradually; this is especially important for super tasters.  
   – Use fresh herbs (like basil or cilantro) at the end of cooking to brighten dishes.

5. Allergen Substitutions:  
   – Always double‐check labels on packaged ingredients to ensure they’re free from gluten and lactose.  
   – Prepare hummus and sauces at home to have full control over ingredients (avoiding onions).

6. Flexible Flavors:  
   – If you find certain flavors too intense, use less of the aromatics (garlic, ginger, curry paste) and adjust with milder ingredients like lemon or a light drizzle of olive oil.

This plan offers a range of meals that hit your flavor preferences while using everyday, affordable ingredients. Enjoy experimenting with the spices and adjust each dish to suit your taste sensitivity!",automation_GPT-O3-Mini,GPT-O3-Mini,4,3,21,0.14285714285714285,7.0,,,anthropic/claude-opus-4-8,Claude-Opus-4.8
gpt-3.5-turbo,0,"**Day 1:**
- Breakfast: Scrambled eggs with spinach and cherry tomatoes
- Lunch: Grilled chicken salad with avocado, cucumber, and a simple vinaigrette
- Dinner: Baked salmon with roasted sweet potatoes and steamed broccoli
- Snack: Rice cakes with almond butter

**Day 2:**
- Breakfast: Greek yogurt with mixed berries and a sprinkle of granola
- Lunch: Turkey and avocado wrap with lettuce and tomato
- Dinner: Beef stir-fry with mixed vegetables and jasmine rice
- Snack: Carrot sticks with hummus

**Day 3:**
- Breakfast: Oatmeal with sliced banana and a drizzle of honey
- Lunch: Quinoa salad with black beans, corn, and salsa
- Dinner: Chicken curry with cauliflower rice
- Snack: Apple slices with peanut butter

**Day 4:**
- Breakfast: Smoothie with spinach, banana, almond milk, and protein powder
- Lunch: Turkey and avocado salad with balsamic dressing
- Dinner: Beef tacos with lettuce wraps and guacamole
- Snack: Rice crackers with tuna salad

**Day 5:**
- Breakfast: Chia seed pudding with coconut milk and fresh fruit
- Lunch: Chicken and vegetable stir-fry with tamari sauce
- Dinner: Lamb kebabs with grilled zucchini and quinoa
- Snack: Mixed nuts

**Day 6:**
- Breakfast: Scrambled tofu with bell peppers and mushrooms
- Lunch: Thai beef salad with lime dressing
- Dinner: Butter chicken with cauliflower rice
- Snack: Rice cakes with avocado

**Day 7:**
- Breakfast: Breakfast burrito with scrambled eggs, black beans, and salsa
- Lunch: Turkey and quinoa bowl with roasted vegetables
- Dinner: Beef curry with basmati rice
- Snack: Celery sticks with almond butter

**Grocery List:**
- Eggs
- Spinach
- Cherry tomatoes
- Chicken
- Avocado
- Cucumber
- Salmon
- Sweet potatoes
- Broccoli
- Greek yogurt
- Mixed berries
- Granola
- Turkey
- Lettuce
- Tomato
- Beef
- Mixed vegetables
- Jasmine rice
- Carrots
- Hummus
- Oatmeal
- Banana
- Honey
- Quinoa
- Black beans
- Corn
- Salsa
- Cauliflower rice
- Apple
- Peanut butter
- Spinach
- Almond milk
- Protein powder
- Balsamic dressing
- Beef
- Lettuce wraps
- Guacamole
- Rice crackers
- Tuna
- Chia seeds
- Coconut milk
- Fresh fruit
- Mixed nuts
- Tofu
- Bell peppers
- Mushrooms
- Thai beef salad
- Lime dressing
- Butter chicken
- Basmati rice
- Breakfast burrito
- Black beans
- Salsa
- Turkey
- Quinoa
- Roasted vegetables
- Beef curry
- Celery
- Almond butter

**Prep Notes:**
- Pre-cook proteins like chicken, beef, and turkey for easy assembly during the week.
- Chop and prep vegetables in advance for quick meal preparation.
- Use mild seasonings like salt, pepper, herbs, and spices to accommodate super-taster sensitivity.
- Adjust seasonings to taste as needed.",automation_GPT-3.5-Turbo,GPT-3.5-Turbo,1,0,21,0.0,8.0,,,anthropic/claude-opus-4-8,Claude-Opus-4.8
anthropic/claude-opus-4-8,0,"# 7-Day Meal Plan
### Tailored for: Gluten-free, shellfish-free, lactose-free, onion-free, super-taster friendly

**Key strategies:**
- Use **garlic, spring onion greens (tops only), leek greens, or asafoetida (hing—check it's gluten-free)** as onion substitutes
- Lactose-free milk, hard aged cheeses (often naturally lactose-free), or plant milks
- Tamari instead of soy sauce (gluten-free)
- Seasonings served **on the side** so you can adjust to taste
- Naturally cheap staples: eggs, potatoes, rice, chicken thighs, mince, legumes

---

## DAY 1
- **Breakfast:** Scrambled eggs with potato hash, fresh herbs
- **Lunch:** Mexican rice bowl — rice, beef mince (mild cumin/paprika), black beans, avocado
- **Dinner:** Thai-style chicken & rice — chicken thighs, garlic, ginger, coconut milk, lime
- **Snacks:** Banana; rice crackers with avocado

## DAY 2
- **Breakfast:** Lactose-free yoghurt with banana & toasted rice flakes
- **Lunch:** Leftover Thai chicken & rice
- **Dinner:** Indian-style potato & chickpea curry (mild) with rice
- **Snacks:** Carrot sticks; boiled egg

## DAY 3
- **Breakfast:** GF toast with mashed avocado & egg
- **Lunch:** Leftover potato & chickpea curry
- **Dinner:** Beef & potato skillet (garlic, mild paprika), steamed greens
- **Snacks:** Apple; handful of unsalted peanuts

## DAY 4
- **Breakfast:** Omelette with grated aged cheese & herbs
- **Lunch:** Mexican beef & rice bowl (use Day 3 leftovers + beans)
- **Dinner:** Thai chicken stir-fry (tamari, garlic, ginger) with rice noodles
- **Snacks:** Banana; rice crackers

## DAY 5
- **Breakfast:** Potato hash with fried egg
- **Lunch:** Leftover Thai stir-fry
- **Dinner:** Mild chicken curry with rice & cucumber
- **Snacks:** Carrot sticks; lactose-free yoghurt

## DAY 6
- **Breakfast:** Yoghurt with fruit
- **Lunch:** Leftover chicken curry
- **Dinner:** Mexican-style baked potatoes — topped with mince, beans, avocado, cheese
- **Snacks:** Apple; boiled egg

## DAY 7
- **Breakfast:** Scrambled eggs with GF toast
- **Lunch:** Loaded potato leftovers / rice & beans
- **Dinner:** Roast chicken thighs, roast potatoes, steamed veg, garlic
- **Snacks:** Banana; peanuts

---

## GROCERY LIST

**Proteins**
- Eggs (2 dozen)
- Chicken thighs (~1.5 kg)
- Beef mince (~700 g)
- Canned black beans (3)
- Canned chickpeas (2)

**Carbs**
- Potatoes (3 kg bag)
- White rice (1 kg)
- Rice noodles (1 pack)
- GF bread (1 loaf)
- Rice crackers
- Rice flakes/puffed rice

**Dairy / Alternatives**
- Lactose-free yoghurt
- Lactose-free milk
- Hard aged cheese (parmesan/cheddar)
- Coconut milk (2 cans)

**Produce**
- Avocados (3–4)
- Bananas (1 bunch)
- Apples (4)
- Carrots (1 kg)
- Cucumber
- Mixed greens (spinach/broccoli)
- Fresh ginger
- Garlic (1 bulb)
- Lime (2–3)
- Fresh herbs (coriander/parsley)

**Pantry / Seasoning**
- Cumin, paprika, mild curry powder, ground coriander, turmeric
- Tamari (GF)
- Olive/vegetable oil
- Unsalted peanuts
- Salt & pepper (to season individually)

---

## PREP NOTES
- **Batch cook rice** every 2–3 days; store in fridge.
- **Cook double dinners** (Thai chicken, curries, mince) for next-day lunches.
- **Onion swap:** use garlic + a pinch of asafoetida, or green leek/spring onion tops for flavour without onion.
- **Super-taster tip:** add spices in halves, taste, then adjust. Keep chilli/spice out of the pot — serve on the side.
- **Check labels** on tamari, curry powder, stock, and asafoetida (some contain wheat) for hidden gluten.
- **Coconut milk** keeps curries creamy without lactose.
- Mince and chickpeas keep this budget-friendly; potatoes stretch meals cheaply.

**Rough weekly cost estimate (AUD): ~$70–90** depending on specials.

Would you like a printable shopping checklist or swaps for vegetarian days to cut costs further?",automation_Claude-Opus-4.8,Claude-Opus-4.8,0,0,0,,,,,anthropic/claude-opus-4-8,Claude-Opus-4.8
anthropic/claude-sonnet-4-6,0,"# 7-Day Meal Plan
### For a 31-Year-Old Australian Adult
**Allergies/Intolerances:** Shellfish, Gluten, Lactose, Onion
**Preferences:** Meat, Potatoes, Mexican, Thai, Indian flavours
**Notes:** Mild, adjustable seasoning | Budget-friendly | Super-taster friendly

---

> **Key Principles**
> - All recipes use **certified gluten-free** products where processed ingredients appear
> - **Dairy alternatives** used throughout (coconut milk, dairy-free butter)
> - **No onion** in any form (including onion powder — flagged where to check labels)
> - Seasoning is kept **mild by default** with suggestions to add heat to taste
> - Meals are designed to be **simple, repeatable, and batch-friendly**

---

## DAY 1 — Monday

### 🍳 Breakfast — Scrambled Eggs with Potato Hash
- 2–3 eggs scrambled in a little olive oil
- 1 medium potato, diced small and pan-fried until golden
- Pinch of turmeric, pinch of cumin, salt to taste
- Fresh tomato slices on the side

**Prep note:** Dice potatoes the night before and store in cold water to save morning time.

---

### 🥗 Lunch — Mexican-Style Rice Bowl
- 1 cup cooked white rice
- 150g seasoned ground beef (cumin, mild paprika, garlic, salt)
- Canned black beans (rinsed well)
- Diced tomato, sliced avocado
- Squeeze of fresh lime
- Optional: small pinch of chilli flakes to taste

**Prep note:** Cook extra rice for tomorrow's lunch.

---

### 🍽️ Dinner — Thai-Style Chicken Coconut Curry
- 2 chicken thighs, cut into chunks
- 1 can coconut milk (full fat)
- 1 tsp Thai red curry paste *(check label: gluten-free, no shrimp paste if shellfish is a concern — use a vegan red curry paste as a safe alternative)*
- Zucchini, capsicum, carrot
- Fish sauce or coconut aminos to taste
- Serve over jasmine rice

**Prep note:** Make a double batch of curry — use leftovers for Day 3 lunch.

---

### 🍎 Snacks
- A handful of plain rice crackers *(certified gluten-free)*
- 1 banana
- Small handful of unsalted mixed nuts

---
---

## DAY 2 — Tuesday

### 🍳 Breakfast — Coconut Chia Pudding
- 3 tbsp chia seeds soaked overnight in 1 cup coconut milk
- Topped with sliced banana or fresh mango
- Drizzle of maple syrup (very small amount, optional)

**Prep note:** Make this the night before — zero morning effort.

---

### 🥗 Lunch — Leftover Rice Bowl with Fried Egg
- Leftover rice from Day 1
- 1–2 fried eggs on top
- Sliced avocado
- Drizzle of coconut aminos or a little olive oil and lemon
- Diced cucumber on the side

---

### 🍽️ Dinner — Indian-Spiced Lamb Chops with Roasted Potatoes
- 2 lamb chops marinated in: plain coconut yoghurt *(dairy-free)*, cumin, coriander, mild paprika, garlic, lemon juice
- Pan-fry or grill chops 4–5 minutes each side
- Roasted potato wedges: toss in olive oil, cumin, salt — roast at 200°C for 30–35 min
- Steamed green beans on the side

**Prep note:** Marinate lamb in the morning or the night before for best flavour.

---

### 🍎 Snacks
- Carrot and celery sticks with guacamole (smashed avocado, lime, salt, garlic)
- A small handful of plain corn chips *(certified gluten-free)*

---
---

## DAY 3 — Wednesday

### 🍳 Breakfast — Banana Oat Smoothie
- 1 ripe banana
- ½ cup **certified gluten-free rolled oats**
- 1 cup coconut or almond milk
- Pinch of cinnamon
- Blend until smooth

---

### 🥗 Lunch — Leftover Thai Chicken Curry (from Day 1)
- Reheat curry from Day 1
- Serve over fresh jasmine rice or rice noodles *(gluten-free)*
- Add a squeeze of lime to freshen it up

---

### 🍽️ Dinner — Mexican Beef Tacos
- 150–200g ground beef seasoned with cumin, mild paprika, garlic, oregano, salt
- **Corn tortillas** *(naturally gluten-free — check label)*
- Toppings: shredded lettuce, diced tomato, sliced avocado, squeeze of lime
- Optional: small pinch of chilli flakes or mild salsa

**Prep note:** Warm corn tortillas in a dry pan for 30 seconds each side — makes a big difference.

---

### 🍎 Snacks
- Apple slices
- Small handful of pumpkin seeds (pepitas)
- Rice crackers *(gluten-free)*

---
---

## DAY 4 — Thursday

### 🍳 Breakfast — Eggs Your Way with Avocado Toast
- 2 eggs (poached, fried, or scrambled)
- **Gluten-free bread** *(e.g., Helga's GF, or a local Australian GF brand)*
- ½ avocado mashed with lemon, salt, and garlic
- Optional: sliced tomato on the side

---

### 🥗 Lunch — Indian-Spiced Chicken and Rice Soup
- 1 chicken breast or leftover chicken, shredded
- 2 cups chicken stock *(check label: gluten-free, low sodium)*
- ½ cup rice
- Cumin, turmeric, coriander, garlic
- Diced carrot and zucchini
- Simmer 20 minutes until rice is soft

**Prep note:** This is a very gentle, mild soup — great for a midweek reset. Add more spice at the table.

---

### 🍽️ Dinner — Thai Pork Stir-Fry with Rice Noodles
- 200g pork mince or thinly sliced pork
- **Rice noodles** *(gluten-free)*
- Stir-fry sauce: coconut aminos, fish sauce, lime juice, small pinch of sugar, garlic
- Vegetables: bok choy, carrot, capsicum
- Top with fresh coriander and crushed peanuts *(if tolerated)*

**Prep note:** Soak rice noodles in boiling water for 5–8 minutes rather than boiling — prevents mushiness.

---

### 🍎 Snacks
- Fresh mango or watermelon slices
- Small handful of unsalted cashews

---
---

## DAY 5 — Friday

### 🍳 Breakfast — Potato and Egg Frittata (Batch Cook)
- 3 eggs whisked
- 1 medium potato, thinly sliced and pre-cooked
- Capsicum, spinach
- Pinch of cumin and salt
- Cook in an oven-safe pan: stovetop 3 min, then finish under grill 5 min
- Makes 2 servings — save one for Saturday breakfast

**Prep note:** This is your weekend prep kickstart. Double the recipe if you want Saturday sorted.

---

### 🥗 Lunch — Mexican Bean and Rice Salad
- Canned black beans and canned corn (rinsed)
- Cooked rice (leftover or fresh)
- Diced tomato, cucumber, avocado
- Dressing: lime juice, olive oil, cumin, salt, fresh coriander
- Optional: cold shredded chicken added in

---

### 🍽️ Dinner — Indian Butter Chicken *(Dairy-Free Version)*
- 2 chicken thighs, cubed
- Sauce: 1 can crushed tomatoes, ½ can coconut cream, garlic, ginger, garam masala, cumin, mild paprika, coriander, salt
- Simmer chicken in sauce 20–25 minutes
- Serve with basmati rice and a side of steamed broccoli
- Optional: dairy-free coconut yoghurt stirred in at the end for creaminess

**Prep note:** This is a crowd-pleaser. Make a large batch — it freezes well for later in the week or next week.

---

### 🍎 Snacks
- Corn chips *(gluten-free)* with fresh tomato salsa
- 1 orange or mandarin

---
---

## DAY 6 — Saturday

### 🍳 Breakfast — Leftover Frittata (from Day 5)
- Reheat frittata slice in pan or microwave
- Serve with sliced tomato and a drizzle of olive oil
- Fresh fruit on the side

---

### 🥗 Lunch — Thai Beef Salad
- 150g beef steak (rump or sirloin), cooked to your liking and thinly sliced
- Mixed salad leaves, cucumber, cherry tomatoes, carrot ribbons
- Dressing: lime juice, fish sauce, coconut aminos, garlic, tiny pinch of chilli (optional)
- Top with fresh mint and coriander

**Prep note:** A Saturday lunch treat — simple but feels special.

---

### 🍽️ Dinner — Roast Chicken with Potato Bake
- 4–6 chicken pieces (thighs and drumsticks — cheapest cuts)
- Rub with: olive oil, garlic, paprika, cumin, lemon zest, salt
- Roast at 200°C for 40–45 minutes
- Potato bake: thinly sliced potatoes layered with coconut cream, garlic, salt, a little nutmeg — bake covered 30 min, uncovered 15 min
- Steamed green vegetables on the side

**Prep note:** Save leftover roast chicken for Sunday lunch — this is intentional batch cooking.

---

### 🍎 Snacks
- Rice crackers with smashed avocado
- A handful of grapes or berries

---
---

## DAY 7 — Sunday

### 🍳 Breakfast — Gluten-Free Pancakes
- 1 cup gluten-free plain flour *(e.g., Bob's Red Mill or a local GF brand)*
- 1 egg
- ¾ cup almond or coconut milk
- Pinch of salt, ½ tsp baking powder *(check gluten-free)*
- Cook in a lightly oiled pan
- Top with fresh banana, a drizzle of maple syrup, or fresh berries

**Prep note:** Keep the batter thin for easier flipping. Makes 4–6 small pancakes.

---

### 🥗 Lunch — Leftover Roast Chicken Rice Bowl
- Shredded leftover roast chicken (from Day 6)
- Steamed rice
- Sliced avocado, cucumber, cherry tomatoes
- Drizzle of olive oil and lemon, or a little coconut aminos
- Optional: leftover potato bake on the side

---

### 🍽️ Dinner — Indian Lentil Dal with Rice *(Budget Hero Meal)*
- 1 cup red lentils, rinsed
- 1 can diced tomatoes
- 2 cups water or vegetable stock *(gluten-free)*
- Garlic, ginger, cumin, turmeric, coriander, garam masala, salt
- Simmer 20–25 minutes until lentils are soft
- Serve over basmati rice
- Optional: stir through a spoonful of coconut cream at the end
- Side: pan-fried chicken breast or thigh if more protein is wanted

**Prep note:** Dal is one of the cheapest, most nutritious meals you can make. Leftovers keep 3–4 days in the fridge.

---

### 🍎 Snacks
- Carrot sticks with guacamole
- A handful of mixed nuts
- Fresh fruit of choice

---
---

# 🛒 Weekly Grocery List

> **Shopping Tips for Australia:**
> - Buy chicken thighs/drumsticks over breast — significantly cheaper
> - Canned legumes and tomatoes from Aldi or Woolworths home brand save money
> - Buy a large bag of basmati or jasmine rice — much cheaper per serve
> - Check the health food aisle at Coles/Woolworths for certified GF products
> - Frozen vegetables are just as nutritious and cheaper than fresh

---

## 🥩 Meat & Protein
- [ ] Ground/mince beef (500g)
- [ ] Chicken thighs (1–1.5kg, bone-in for cheapest)
- [ ] Chicken drumsticks (500g)
- [ ] Chicken breast (2 pieces)
- [ ] Lamb chops (2–4 pieces)
- [ ] Pork mince or thinly sliced pork (200g)
- [ ] Beef steak — rump or sirloin (150–200g)
- [ ] Eggs (12-pack)
- [ ] Red lentils (500g bag, dried)
- [ ] Canned black beans (2 cans)

---

## 🥔 Produce — Vegetables
- [ ] Potatoes (2kg bag — used across multiple days)
- [ ] Zucchini (2)
- [ ] Capsicum/bell pepper (3–4, mixed colours)
- [ ] Carrot (500g bag)
- [ ] Broccoli (1 head)
- [ ] Green beans (200g)
- [ ] Bok choy (1 bunch)
- [ ] Spinach (1 bag, baby spinach)
- [ ] Tomatoes (500g — loose or punnet of cherry tomatoes)
- [ ] Cucumber (2)
- [ ] Celery (1 bunch)
- [ ] Lettuce (1 head, iceberg or cos)
- [ ] Mixed salad leaves (1 bag)
- [ ] Fresh ginger (small knob)
- [ ] Garlic (1 bulb)

---

## 🍎 Produce — Fruit
- [ ] Bananas (bunch)
- [ ] Avocados (4–5)
- [ ] Limes (4–5)
- [ ] Lemons (2)
- [ ] Mango or watermelon (1, seasonal)
- [ ] Apples (3–4)
- [ ] Orange or mandarins (3–4)
- [ ] Grapes or berries (small punnet)

---

## 🥫 Pantry — Canned & Packaged
- [ ] Canned coconut milk (4 cans, full fat)
- [ ] Coconut cream (1–2 cans)
- [ ] Canned diced tomatoes (3 cans)
- [ ] Canned corn (1 can)
- [ ] Chicken stock — low sodium, gluten-free (1 litre carton)
- [ ] Vegetable stock — gluten-free (500ml)
- [ ] Coconut aminos (replaces soy sauce — gluten-free, lower sodium)
- [ ] Fish sauce *(check label — most are naturally GF)*
- [ ] Corn tortillas *(certified GF — check label)*
- [ ] Jasmine rice (2kg bag)
- [ ] Basmati rice (1kg bag)
- [ ] Rice noodles — gluten-free (200g)
- [ ] Certified gluten-free rolled oats (500g)
- [ ] Gluten-free plain flour (500g)
- [ ] Gluten-free bread (1 loaf — Helga's GF or similar)
- [ ] Gluten-free rice crackers (1 packet)
- [ ] Corn chips — certified gluten-free (1 packet)
- [ ] Chia seeds (200g bag)
- [ ] Unsalted mixed nuts (200g)
- [ ] Unsalted cashews (100g)
- [ ] Pumpkin seeds/pepitas (100g)
- [ ] Crushed peanuts *(if tolerated — optional)*

---

## 🧂 Pantry — Spices & Condiments
*(Buy once, lasts many weeks)*
- [ ] Cumin (ground)
- [ ] Coriander (ground)
- [ ] Turmeric (ground)
- [ ] Mild paprika (smoked or sweet)
- [ ] Garam masala
- [ ] Cinnamon (ground)
- [ ] Nutmeg (ground)
- [ ] Dried oregano
- [ ] Baking powder *(gluten-free)*
- [ ] Salt (fine sea salt or table salt)
- [ ] Black pepper
- [ ] Mild chilli flakes *(optional — to add heat at the table)*
- [ ] Thai red curry paste — **vegan version** *(check: gluten-free, no shrimp paste)*
- [ ] Olive oil (500ml)
- [ ] Maple syrup (small bottle)

---

## 🥛 Refrigerated / Dairy-Free
- [ ] Almond milk or coconut milk (carton, 1 litre)
- [ ] Dairy-free coconut yoghurt (small tub — for marinating and topping)
- [ ] Dairy-free butter *(optional — for pancakes)*

---

## 🌿 Fresh Herbs
- [ ] Fresh coriander (1 bunch)
- [ ] Fresh mint (1 bunch)

---
---

# 📋 Prep Notes & Tips

## Batch Cooking Strategy
| Day | What to Batch | Used For |
|-----|--------------|----------|
| Sunday/Monday | Large pot of rice | Days 1, 2, 3 |
| Monday | Double Thai curry | Day 1 dinner + Day 3 lunch |
| Friday | Large Indian butter chicken | Day 5 dinner + freezer |
| Saturday | Whole roast chicken | Day 6 dinner + Day 7 lunch |
| Sunday | Large pot of dal | Day 7 dinner + next week |

---

## Allergy Safety Reminders
> ⚠️ **Always check labels on:**
> - Stock/broth (some contain gluten or hidden onion)
> - Curry pastes (may contain shrimp/shellfish or gluten)
> - Corn chips and rice crackers (cross-contamination risk — look for ""certified GF"")
> - Fish sauce (most are GF but verify)
> - Coconut aminos (naturally GF and lower sodium than soy sauce — excellent swap)
> - Spice blends and mixed seasonings (may contain onion powder or wheat starch)
> - Gluten-free bread and flour (check for lactose in some brands)

---

## Super-Taster Tips
- **Start with half the spice** listed in any recipe and taste before adding more
- Keep **chilli flakes on the side** rather than cooking them in — this gives full control
- **Lime and lemon juice** add brightness without overwhelming — use freely
- **Coconut milk and cream** naturally soften and round out strong spice flavours
- If a dish tastes too intense, **a spoonful of coconut cream or a squeeze of citrus** can balance it quickly
- Fresh herbs like **coriander and mint** add flavour complexity without heat or saltiness

---

## Approximate Weekly Budget Estimate (Australia)
| Category | Estimated Cost |
|----------|---------------|
| Meat & Protein | $35–45 |
| Fresh Produce | $20–28 |
| Pantry Staples (first week) | $30–40 |
| Pantry Staples (ongoing weeks) | $10–15 |
| Dairy-Free Products | $10–15 |
| **Total (Week 1)** | **~$95–130** |
| **Total (Week 2+, pantry stocked)** | **~$65–85** |

> 💡 **Money-saving tip:** Aldi Australia stocks many of these items at significantly lower prices than major supermarkets. Their GF bread, canned goods, and frozen vegetables are reliable and affordable. Check Woolworths and Coles ""Down Down"" or ""Everyday Value"" ranges for canned goods and staples.

---

*This meal plan is designed to be flexible — swap proteins between days based on what's on special, and adjust spice levels freely at the table to suit your palate.*",automation_Claude-Sonnet-4.6,Claude-Sonnet-4.6,6,0,0,,,,,anthropic/claude-opus-4-8,Claude-Opus-4.8
