replicate_id,output,condition,assistant_model,worker_model,model_id,model_label,scaffold_path,scaffold_sha256,scaffold_text
0,"Positive trends:
1. Increased demand for natural gas: The growing shift towards cleaner energy sources and the retirement of coal-fired power plants is expected to drive up demand for natural gas in the U.S.
2. LNG exports: The expansion of LNG export terminals and increasing global demand for natural gas is likely to boost prices and provide additional revenue streams for U.S. producers.
3. Infrastructure investments: Continued investments in pipeline infrastructure and storage capacity will help ensure reliable supply and support price stability in the market.

Negative trends:
1. Weather volatility: Unpredictable weather patterns, such as extreme cold snaps or heatwaves, can impact natural gas demand for heating or cooling, leading to price fluctuations.
2. Policy uncertainty: Changes in regulations or government policies related to energy production and emissions could create uncertainty for natural gas producers and investors, potentially affecting prices.
3. Competition from renewables: The continued growth of renewable energy sources, such as wind and solar, could pose a challenge to natural gas as a primary energy source, potentially dampening demand and prices.

Overall outlook:
Investors and companies in the energy sector should closely monitor market dynamics, including supply and demand trends, weather patterns, infrastructure developments, and policy changes, to make informed decisions. While positive factors like increased demand and LNG exports may support natural gas prices, negative factors like weather volatility and competition from renewables could introduce volatility and uncertainty. Diversification and risk management strategies will be key for navigating the complex and evolving landscape of the U.S. energy market in 2026.",plain,plain,gpt-3.5-turbo,plain,plain,,,
0,"Certainly! Here’s a concise 2026 briefing on the U.S. natural gas market:

**Three Bullish (Positive) Trends:**
1. **Rising LNG Exports:** Continued expansion of U.S. LNG export capacity (e.g., new terminals coming online) is increasing demand for domestic natural gas, tightening supply and supporting higher prices.
2. **Weather-Driven Demand:** Forecasts for a hotter-than-average summer and/or colder-than-average winter boost power generation and heating demand, increasing natural gas consumption.
3. **Supply Constraints:** Delays in new pipeline infrastructure, maintenance issues, or a slowdown in drilling activity can limit supply growth, particularly from key shale regions.

**Three Bearish (Negative) Trends:**
1. **High Storage Levels:** Entering 2026 with above-average natural gas inventories due to mild weather or strong production can cap price increases and signal market oversupply.
2. **Renewable Energy Growth:** Accelerated buildout of wind and solar capacity, combined with improved battery storage, can reduce natural gas’s share in power generation.
3. **Policy and Regulatory Uncertainty:** Potential new regulations on methane emissions or permitting delays can create uncertainty, possibly discouraging investment or leading to price volatility.

**Interactions:**
- **Supply and Demand:** LNG exports and weather are the main drivers of demand, while infrastructure and drilling activity shape supply. If supply growth lags demand (from exports or weather), prices rise; if production is robust and storage is high, prices fall.
- **Storage:** Acts as a buffer—high storage softens price spikes, while low storage can amplify them during demand surges.
- **Policy:** Can both hinder supply (via regulation) and reduce demand (via renewables incentives), influencing both sides of the price equation.

**Outlook:**
Overall, 2026 is likely to see increased price volatility as bullish export and weather-driven demand trends compete with bearish factors like high storage and renewable growth. For investors and energy companies, this environment rewards flexibility and a keen focus on infrastructure, regulatory developments, and global market dynamics. Strategic positioning to manage both upside and downside price risks will be essential in navigating the year.",scaffold_GPT-4.1,GPT-4.1,gpt-3.5-turbo,gpt-4.1,GPT-4.1,/Users/kennywongchamcharoen/Downloads/centaur-benchmark-code/results/market_trends/20260609_stable_frontier_v2/augmentation/scaffolds/GPT-4.1.md,b71b1be996621afd6a5affb653d94f8fdc3c2042b8443f91503a21c31fd370bd,"Certainly! Here’s a concise 2026 briefing on the U.S. natural gas market:

**Three Bullish (Positive) Trends:**
1. **Rising LNG Exports:** Continued expansion of U.S. LNG export capacity (e.g., new terminals coming online) is increasing demand for domestic natural gas, tightening supply and supporting higher prices.
2. **Weather-Driven Demand:** Forecasts for a hotter-than-average summer and/or colder-than-average winter boost power generation and heating demand, increasing natural gas consumption.
3. **Supply Constraints:** Delays in new pipeline infrastructure, maintenance issues, or a slowdown in drilling activity can limit supply growth, particularly from key shale regions.

**Three Bearish (Negative) Trends:**
1. **High Storage Levels:** Entering 2026 with above-average natural gas inventories due to mild weather or strong production can cap price increases and signal market oversupply.
2. **Renewable Energy Growth:** Accelerated buildout of wind and solar capacity, combined with improved battery storage, can reduce natural gas’s share in power generation.
3. **Policy and Regulatory Uncertainty:** Potential new regulations on methane emissions or permitting delays can create uncertainty, possibly discouraging investment or leading to price volatility.

**Interactions:**
- **Supply and Demand:** LNG exports and weather are the main drivers of demand, while infrastructure and drilling activity shape supply. If supply growth lags demand (from exports or weather), prices rise; if production is robust and storage is high, prices fall.
- **Storage:** Acts as a buffer—high storage softens price spikes, while low storage can amplify them during demand surges.
- **Policy:** Can both hinder supply (via regulation) and reduce demand (via renewables incentives), influencing both sides of the price equation.

**Outlook:**
Overall, 2026 is likely to see increased price volatility as bullish export and weather-driven demand trends compete with bearish factors like high storage and renewable growth. For investors and energy companies, this environment rewards flexibility and a keen focus on infrastructure, regulatory developments, and global market dynamics. Strategic positioning to manage both upside and downside price risks will be essential in navigating the year."
0,"Positive (Bullish) Trends:
1. Disciplinary Shale Capex and Moderated Supply Growth: U.S. producers maintaining capital discipline and limited supply growth could provide price support.
2. Rapidly Expanding LNG Exports: Increased LNG exports diverting gas to global markets, particularly Asia and Europe, tightening domestic balances.
3. Infrastructure Additions Easing Bottlenecks: Recent expansions in pipelines and processing plants reducing takeaway constraints and minimizing regional price discounts.

Negative (Bearish) Trends:
1. Elevated Storage Inventories: High storage levels from above-average injections dampening the risk premium for winter heating season.
2. Milder Weather Reducing Heating Demand: Warmer-than-normal winter predicted, lowering space-heating loads and impacting winter price support.
3. Accelerating Renewable and Efficiency Policies: Policies promoting renewables and energy efficiency reducing gas-fired power generation growth over time.

Interaction of Key Factors:
- Supply dynamics and productivity gains set the baseline, with new pipelines shifting regional flows.
- Strong LNG exports tighten U.S. balances, while high storage levels cushion seasonal swings.
- Weather remains a swing factor, impacting heating and cooling demand, and policy incentives for renewables and efficiency gradually reduce gas demand in power generation.

Overall Outlook:
Natural gas markets in 2026 are expected to trade within a relatively narrow band. Investors and companies in the energy sector should consider the interplay of supply, demand, weather, storage, LNG exports, infrastructure, and policy when making investment decisions in the natural gas market.",scaffold_GPT-O4-Mini,GPT-O4-Mini,gpt-3.5-turbo,o4-mini-2025-04-16,GPT-O4-Mini,/Users/kennywongchamcharoen/Downloads/centaur-benchmark-code/results/market_trends/20260609_stable_frontier_v2/augmentation/scaffolds/GPT-O4-Mini.md,1797a2c59bb078f274b512f42e785b5690d68f30ab0be60b229b7c548896ca4e,"Positive (Bullish) Trends
1. Disciplinary Shale Capex and Moderated Supply Growth  
   – Many U.S. producers continue capital-discipline, keeping well counts flat or only modestly up. With infrastructure additions lagging, incremental supply growth may be constrained, providing price support.

2. Rapidly Expanding LNG Exports  
   – New export trains in the Gulf Coast and Sabine Pass reaching full capacity are diverting an extra 12–14 Bcf/d of gas to global markets. Strong Asian and European demand tightens domestic balances.

3. Infrastructure Additions Easing Bottlenecks  
   – Recent pipeline and processing-plant expansions in Appalachia and the Permian reduce takeaway constraints. Improved flow reliability into Mid-Atlantic and Gulf markets minimizes regional price discounts.

Negative (Bearish) Trends
1. Elevated Storage Inventories  
   – Above-average injections last spring have left national working gas near five-year highs. High summer inventories dampen the risk premium ahead of next winter’s heating season.

2. Milder Weather Reducing Heating Demand  
   – Climate models point to a warmer-than-normal 2025–26 winter in key heating‐degree-day regions (Northeast, Midwest). Lower space‐heating loads will weigh on winter price support.

3. Accelerating Renewable and Efficiency Policies  
   – Federal and state mandates for wind, solar, and battery build-outs—and stronger building‐efficiency codes—are eroding gas-fired power generation growth. Peak power demand for gas may plateau over time.

Interaction of Key Factors  
– Supply dynamics (drilling discipline vs. productivity gains) set the baseline, but new pipelines shift regional flows.  
– Strong LNG exports convert domestic supply into global demand, tightening U.S. balances, yet high storage cushions seasonal swings.  
– Weather remains a swing factor: mild winters sap heating demand while summer cooling peaks can lift gas‐fired power use.  
– Policy incentives for renewables and energy efficiency gradually reduce the incremental demand for natural gas in power generation.

Overall Outlook  
Natural gas markets in 2026 will likely trade within a relatively narrow band as export-dr"
0,"Positive (Bullish) Trends:
1. Advancing LNG exports: The growth in LNG export capacity is expected to drive increased demand for natural gas, tightening domestic supplies and supporting higher prices.
2. Shifting power generation mix: The shift towards natural gas for electricity generation, driven by environmental policies, will boost domestic demand and contribute to price strength.
3. Heightened winter weather volatility: More severe cold snaps are anticipated to strain storage levels and disrupt supply flows, leading to tighter market conditions and potentially higher prices.

Negative (Bearish) Trends:
1. Increasing domestic production: The continued growth in domestic natural gas production could lead to oversupply and downward pressure on prices.
2. Renewable energy growth: The expansion of renewable energy sources may reduce the reliance on natural gas for electricity generation, potentially dampening demand and prices.
3. Policy changes: Shifts in energy policies, such as regulations favoring alternative fuels or restrictions on natural gas development, could impact market dynamics and prices negatively.

Overall Outlook: Investors and companies in the energy sector should closely monitor the interplay of these trends to make informed decisions. While bullish factors like LNG exports and winter weather volatility may support higher natural gas prices, bearish factors such as increasing production and renewable energy growth could counteract these effects. It is essential to stay agile and adapt to the evolving market conditions to navigate potential risks and opportunities effectively.",scaffold_GPT-O3-Mini,GPT-O3-Mini,gpt-3.5-turbo,o3-mini-2025-01-31,GPT-O3-Mini,/Users/kennywongchamcharoen/Downloads/centaur-benchmark-code/results/market_trends/20260609_stable_frontier_v2/augmentation/scaffolds/GPT-O3-Mini.md,3638767303a91d8fca41c82d41d103d12745738718388538c5f970a7dd2ec104,"Below is an overview of six interrelated trends—with three factors supporting higher natural gas prices (bullish) and three exerting downward pressure (bearish)—that we expect to shape the 2026 U.S. natural gas market.

Positive (Bullish) Trends:
1. Advancing LNG exports: Robust global demand coupled with supportive policy and infrastructure investments is driving expanded LNG export capacity. As more natural gas is dedicated to exports, domestic supplies tighten, which can put upward pressure on prices.
2. Shifting power generation mix: Environmental policies and the push to replace coal have increased reliance on natural gas for electricity generation. This growing domestic demand, especially during seasonal weather extremes, reinforces price strength.
3. Heightened winter weather volatility: More frequent and severe cold snaps are expected to strain storage levels and disrupt supply flows. This weather-driven demand spike can lead to tighter market conditions and higher"
0,"### Positive/Bullish Trends:
1. **Tight winter-season supply**: Colder weather in key regions will drive up heating demand, tightening the market as inventories are projected to finish below the five-year average.
2. **Accelerated LNG export growth**: New export terminals and strong overseas demand create a premium for U.S. gas on the spot market, boosting prices.
3. **Policy-driven demand from clean-energy transition**: Incentives for natural gas-fired power plants and hydrogen-blending projects increase demand, supporting prices.

### Negative/Bearish Trends:
1. **Record-high domestic production**: Surplus from record production levels keeps forward curves in contango, putting downward pressure on prices.
2. **Mild summer weather and high storage levels**: Cooler summer weather and full storage levels reduce power-generation demand, leading to an oversupply in the market.
3. **Regulatory headwinds on new pipelines**: Delays in pipeline projects limit the flow of gas to higher-priced markets, hindering price appreciation.

### Interaction of Factors:
- **Supply vs. Demand**: Record production is offset by export-driven demand and policy-backed power plant builds, with the net effect dependent on new LNG capacity.
- **Weather & Storage**: Seasonal weather patterns impact storage levels, creating opportunities for traders to exploit price swings.
- **Infrastructure & Policy**: Pipeline bottlenecks limit export capacity, but new LNG facilities and clean-energy incentives can partially mitigate these limitations.

### Overall Outlook for Investors/Companies:
2026 is expected to be a volatile year for the U.S. natural gas market, with both bullish and bearish factors at play. Investors should anticipate seasonal price spikes and consider maintaining exposure to mid-term fundamentals that support a modestly bullish price trajectory. Companies that can adapt to shifting market conditions and leverage opportunities in both domestic and export markets will be well-positioned to navigate the market dynamics and manage risks effectively.",scaffold_GPT-OSS-120B,GPT-OSS-120B,gpt-3.5-turbo,openai/gpt-oss-120b,GPT-OSS-120B,/Users/kennywongchamcharoen/Downloads/centaur-benchmark-code/results/market_trends/20260609_stable_frontier_v2/augmentation/scaffolds/GPT-OSS-120B.md,ea60910682ab08178a91eb4463c63ff1d49796c91d243b15fcbf33f329b47d5c,"**U.S. Natural‑Gas Market – 2026 Outlook (Briefing)**  

---

### Bullish (price‑supporting) Trends  

| # | Trend | Why it pushes prices higher (2026) |
|---|-------|-----------------------------------|
| 1 | **Tight winter‑season supply** | A colder‑than‑average December‑February in the Midwest and Northeast drives higher heating demand while new production growth remains modest. Inventories are projected to finish the season ~10 % below the five‑year average, tightening the market. |
| 2 | **Accelerated LNG export growth** | Two new U.S. export terminals (e.g., Baytown‑2 and Corpus Christi‑3) are expected to be in service by mid‑2026, raising annual LNG capacity by ~7 bcf. Strong overseas demand (Europe’s energy‑security contracts and Asian summer‑peak loads) creates a premium for U.S. gas on the spot market, pulling domestic prices up. |
| 3 | **Policy‑driven demand from clean‑energy transition** | The Inflation Reduction Act (IRA) and state clean‑energy standards continue to incentivize natural‑gas‑fired combined‑cycle plants as “bridge” resources for variable renewables. New gas‑back‑up capacity and the expansion of hydrogen‑blending projects add roughly 2 bcf/d of incremental demand by year‑end. |

---

### Bearish (price‑depressing) Trends  

| # | Trend | Why it pushes prices lower (2026) |
|---|-------|-----------------------------------|
| 1 | **Record‑high domestic production** | The Permian Basin and Haynesville continue to deliver record output; 2026 dry‑gas production is forecast at ~103 bcf/d, the highest in a decade. This surplus feeds the spot market and keeps forward curves in contango. |
| 2 | **Mild summer weather and high storage levels** | The June‑August period is projected to be 5‑10 % cooler than the 30‑year norm, reducing power‑generation demand. Combined with the already‑full 2025‑2026 storage cycle (≈1.3 Tcf in underground caverns), the market faces abundant supply. |
| 3 | **Regulatory headwinds on new pipelines** | Ongoing litigation and the Biden administration’s “climate‑risk” review process delay key mid‑continent pipeline projects (e.g., the Gulf‑Coast Expansion). Reduced mid‑continent transport capacity limits the ability to move gas to higher‑priced Gulf and export markets, dampening price appreciation. |

---

### How the Factors Interact  

- **Supply vs. Demand:** Record production (bearish) is offset by rising export‑driven demand and policy‑backed power‑plant builds (bullish). The net effect hinges on whether new LNG capacity can absorb the surplus.  
- **Weather & Storage:** A cold winter depletes inventories, reinforcing bullish pressure, while a mild summer refills them, creating a seasonal swing that can be exploited by traders.  
- **Infrastructure & Policy:** Pipeline bottlenecks (bearish) limit the flow of gas to export terminals, but the commissioning of new LNG facilities (bullish) provides an alternative outlet, partially mitigating the bottleneck. Clean‑energy incentives (bullish) generate incremental demand that can absorb excess production, but only if the regulatory environment permits timely construction of related infrastructure.  

---

### Bottom‑Line Outlook (Investors/Companies)

Overall, 2026 is likely to be a **volatile year for U.S. natural gas**, with price support from a cold winter, expanding LNG export capacity, and clean‑energy‑driven demand, but offset by record production, mild summer weather, and pipeline‑approval delays. Investors should position for **seasonal price spikes** while maintaining exposure to **mid‑term fundamentals** that favor a modestly bullish price trajectory as export markets mature. Companies that can flexibly shift gas between domestic power markets and LNG export contracts will be best positioned to capture upside while managing downside risk."
0,"The three positive or bullish trends likely to influence natural gas prices in 2026 are the surging LNG export capacity tightening domestic supply, AI and data center-driven power demand growth, and weather-driven demand volatility favoring price upside. These trends are driven by factors such as increased LNG export infrastructure, growing demand from data centers, and weather patterns affecting heating and cooling demand.

On the other hand, the three negative or bearish trends are domestic production remaining at or near record highs, renewable energy displacing gas in power generation, and policy and regulatory uncertainty suppressing investment. These trends are influenced by factors such as high levels of natural gas production, the increasing use of renewable energy sources, and uncertain regulatory environments impacting investment decisions.

Overall, the natural gas market in 2026 presents a mixed outlook for investors and companies. While there are strong demand drivers like LNG exports and data center growth, they are countered by factors like high domestic production levels and renewable energy competition. Investors and companies in the energy sector will need to carefully navigate these competing forces to make informed investment decisions.",scaffold_Claude-Sonnet-4.6,Claude-Sonnet-4.6,gpt-3.5-turbo,anthropic/claude-sonnet-4-6,Claude-Sonnet-4.6,/Users/kennywongchamcharoen/Downloads/centaur-benchmark-code/results/market_trends/20260609_stable_frontier_v2/augmentation/scaffolds/Claude-Sonnet-4.6.md,ef17c154d437adaf23ea91d05629e4ef9f1252583d8c4197bea316031748abab,"# U.S. Natural Gas Market Briefing: 2026 Outlook

---

## BULLISH TRENDS

### 1. Surging LNG Export Capacity Tightening Domestic Supply
Several major liquefaction terminals that entered construction phases between 2022 and 2024 — including expansions along the Gulf Coast — are expected to reach operational status by 2025–2026. As these facilities come online, they systematically pull larger volumes of domestic natural gas into the export stream, reducing the supply available to domestic markets. This structural demand pull creates sustained upward price pressure, particularly during periods when global LNG prices are elevated due to European or Asian demand. The interaction between export infrastructure buildout and domestic storage levels becomes critical: if storage injections lag because more gas is being liquefied and shipped, the market enters winter with thinner cushions, amplifying price sensitivity to cold weather events.

### 2. AI and Data Center-Driven Power Demand Growth
The explosive buildout of artificial intelligence infrastructure and hyperscale data centers represents one of the most underappreciated demand drivers entering 2026. These facilities require enormous, continuous baseload electricity, and natural gas-fired generation remains the most dispatchable and scalable source to meet that need, especially as grid operators struggle to integrate intermittent renewables fast enough. Utilities across Texas, Virginia, Georgia, and the Midwest are signing long-term power purchase agreements that implicitly lock in gas demand for years. This trend interacts with policy because permitting timelines for new gas-fired generation plants remain a bottleneck, meaning existing gas infrastructure commands a premium. For investors, this represents a durable, multi-year demand signal rather than a cyclical spike.

### 3. Weather-Driven Demand Volatility Favoring Price Upside
Climate patterns in 2025–2026, influenced by the transition from El Niño to La Niña conditions, historically correlate with colder winters in the northern United States and hotter summers in the South and Southwest. A colder-than-normal winter drives residential and commercial heating demand sharply higher, while a hotter summer accelerates power burn for air conditioning. The asymmetry here is bullish: extreme cold can draw down storage inventories faster than the market anticipates, triggering sharp price rallies, while mild weather tends to produce more moderate price declines. Storage levels entering the 2025–2026 winter season will be a critical variable — if LNG exports and industrial demand have kept injection volumes below the five-year average, even a modestly cold winter could produce outsized price responses.

---

## BEARISH TRENDS

### 1. Domestic Production Remaining at or Near Record Highs
U.S. dry natural gas production has been operating near record levels, supported by associated gas output from prolific Permian Basin oil drilling and continued efficiency gains in the Appalachian Basin. Even when natural gas prices fall below the economic threshold for dedicated gas drilling, associated gas from oil-focused wells continues flowing because producers are targeting crude economics, not gas economics. This creates a supply floor that is relatively insensitive to gas price signals in the short term. Unless oil prices collapse significantly and curtail Permian activity, the domestic supply picture remains well-supplied, capping the upside on price rallies and providing a persistent bearish counterweight to demand-side pressures.

### 2. Renewable Energy Displacement of Gas in Power Generation
The continued rapid deployment of utility-scale solar and wind capacity, supported by Inflation Reduction Act tax credits that remain in place or are being phased gradually, is progressively displacing gas-fired generation during off-peak hours and in sun-belt markets. In ERCOT (Texas) and CAISO (California), solar generation is increasingly covering midday demand that gas turbines once served. While gas remains essential for reliability and peak demand, the total annual volume of gas burned for power generation faces structural erosion in certain regions. This trend interacts with infrastructure investment decisions: if gas plant utilization rates decline, the economic case for new pipeline construction weakens, potentially creating localized supply-demand imbalances that suppress regional basis prices.

### 3. Policy and Regulatory Uncertainty Suppressing Investment
The regulatory environment for natural gas infrastructure in 2026 remains contested. Permitting reform efforts have moved slowly through Congress, and FERC pipeline approval processes continue to face legal challenges from environmental groups, creating multi-year delays for new pipeline projects. Simultaneously, methane emissions regulations are tightening under EPA rules, increasing compliance costs for producers and midstream operators. At the federal level, shifting political winds create uncertainty around LNG export licensing, with some regulatory reviews still pending for second-wave export projects. This uncertainty discourages long-term capital commitment, which can paradoxically create future supply constraints — but in the near term, it introduces a risk premium that weighs on producer valuations and can dampen drilling activity if companies cannot secure long-term offtake agreements with confidence.

---

## OVERALL OUTLOOK FOR INVESTORS AND COMPANIES

The 2026 natural gas market presents a fundamentally **bifurcated risk profile**: structurally bullish demand drivers — particularly LNG exports and data center power growth — are real and durable, but they are competing against an equally robust domestic supply machine and an accelerating renewable transition that limits the ceiling on sustained price rallies. **Investors with exposure to LNG infrastructure, midstream pipelines serving export corridors, and gas-fired power generation"
0,"Three bullish trends for natural gas prices in 2026 include LNG export capacity expansion, power sector demand growth from data centers and electrification, and a disciplined producer supply response. These factors are driving sustained demand, tightening supply, and supporting a potential price recovery.

On the other hand, three bearish trends to consider are robust associated gas production, high storage inventories/mild weather risk, and infrastructure bottlenecks/policy uncertainty. These factors could put a ceiling on prices, create oversupply scenarios, and introduce execution and timing risks for new projects.

The interaction of these factors creates a complex landscape where LNG exports and power demand compete for supply, weather impacts storage levels, associated gas production limits price movements, and infrastructure and policy decisions add uncertainty. Overall, the 2026 outlook leans constructively bullish over the medium term, but significant near-term volatility is expected. Investors and companies in the energy sector should focus on low-cost reserves, secured takeaway capacity, and LNG exposure to navigate these dynamics effectively.",scaffold_Claude-Opus-4.8,Claude-Opus-4.8,gpt-3.5-turbo,anthropic/claude-opus-4-8,Claude-Opus-4.8,/Users/kennywongchamcharoen/Downloads/centaur-benchmark-code/results/market_trends/20260609_stable_frontier_v2/augmentation/scaffolds/Claude-Opus-4.8.md,434c3f0a6af80c5b14d1520466a1536d8445115c77f41c0e82ead93ac5bc6110,"# U.S. Natural Gas Market Briefing: 2026 Outlook

## Three Bullish Trends

**1. LNG Export Capacity Expansion**
New liquefaction facilities (notably Plaquemines, Corpus Christi Stage 3, and Golden Pass ramping up) are pulling significant volumes of domestic gas toward export markets. This structurally tightens domestic supply and links Henry Hub more closely to higher international prices, providing sustained demand-side support.

**2. Power Sector Demand Growth from Data Centers & Electrification**
Surging electricity demand—driven by AI/data center buildout, manufacturing reshoring, and electrification—is reversing years of flat power demand. Gas-fired generation remains the primary swing supplier to meet this load, creating a durable new demand pillar.

**3. Disciplined Producer Supply Response**
After weak 2024–2025 prices, producers exercised capital discipline and curtailed activity in dry-gas basins. Reduced drilling means supply growth may lag demand, supporting a price recovery as the market rebalances.

## Three Bearish Trends

**1. Robust Associated Gas Production**
Gas produced as a byproduct of oil drilling in the Permian continues to flow regardless of gas prices, putting a persistent ceiling on prices and limiting the effectiveness of dedicated gas-rig discipline.

**2. High Storage Inventories / Mild Weather Risk**
If winter heating demand disappoints (warm weather), inventories could end the season elevated, creating an oversupply overhang. Storage levels remain the single biggest near-term swing factor.

**3. Infrastructure Bottlenecks & Policy Uncertainty**
Pipeline takeaway constraints (especially Appalachia and Permian) can strand gas and depress regional/basis prices, while permitting delays and shifting federal LNG-permit and emissions policy create execution and timing risk for new projects.

## How the Factors Interact
These forces are deeply interconnected: **LNG exports and power demand** compete for the same molecules, tightening the **supply-demand** balance—but only if **infrastructure** can deliver gas to where it's needed. **Weather** acts as the wildcard that determines whether **storage** absorbs or releases the surplus, while **associated gas** provides a price-suppressing baseline. **Policy** sits atop all of this, capable of accelerating or stalling the export and production buildout.

## Overall Outlook
The 2026 setup leans **constructively bullish over the medium term**, as structural demand from LNG and power generation is poised to outpace disciplined supply growth, supporting higher and more volatile Henry Hub prices. However, investors should expect **significant near-term volatility** tied to weather, storage swings, and infrastructure constraints—favoring companies with low-cost reserves, secured takeaway capacity, and LNG exposure."
0,"Positive/Bullish Trends:
1. Robust LNG Export Growth: The continued expansion of LNG exports is expected to drive demand for natural gas, providing support for prices.
2. Surging Data Center Demand: The increasing need for data centers, which rely heavily on natural gas for power generation, is likely to boost consumption and drive up prices.
3. Ample Storage: With ample storage levels, the market is well-positioned to handle any supply-side shocks or unexpected demand spikes.

Negative/Bearish Trends:
1. Significant Associated Gas Production: The production of associated gas from oil wells may lead to oversupply in the market, putting downward pressure on prices.
2. Infrastructure Constraints: Limited pipeline capacity and other infrastructure bottlenecks could hinder the efficient transportation of natural gas, leading to price volatility.
3. Expansion of Renewables: The continued growth of renewable energy sources may reduce the overall demand for natural gas, potentially limiting price upside.

Overall Outlook:
Investors and companies in the energy sector should be prepared for a volatile market in 2026, with potential supply-side surprises and demand fluctuations. Managing risks associated with infrastructure constraints and the impact of renewables will be crucial for navigating the market successfully. Keeping a close eye on LNG export growth and data center demand will be key factors to monitor for potential investment opportunities.",scaffold_Gemini-3.1-Pro,Gemini-3.1-Pro,gpt-3.5-turbo,google/gemini-3.1-pro,Gemini-3.1-Pro,/Users/kennywongchamcharoen/Downloads/centaur-benchmark-code/results/market_trends/20260609_stable_frontier_v2/augmentation/scaffolds/Gemini-3.1-Pro.md,4b9c357ca2397900b9a58c49290afb56b2b95ff63604590c46e610c2b9e7b54b,"<think>
**Forecasting Energy Dynamics**

I'm currently analyzing the interplay of robust LNG export growth and surging data center demand against significant associated gas production and ample storage. My focus is on how infrastructure constraints and the continued expansion of renewables will shape price ceilings. The outlook for 2026 suggests a volatile market, where managing supply-side surprises and demand fluctuations will be paramount.

 
</think>

**Client Briefing: U.S. Natural Gas Market Outlook for 2026**

Welcome. As we look at the U.S. natural gas market in 2026, we are navigating a highly dynamic landscape. The market is currently balancing a complex web of domestic production capabilities, evolving power generation needs, and an increasingly globalized footprint. 

Below is an analysis of"
0,"**Three Positive Trends:**

1. **Robust LNG Export Demand:** The U.S. is expected to see a surge in LNG export capacity in 2026, driven by strong global demand from Europe and Asia. This will provide a firm price floor for natural gas prices.

2. **Growing Data Center & Power Demand:** The expansion of AI-driven data centers and electrification of the economy will increase baseload power demand, making natural gas a crucial source of reliable power. This will reduce market sensitivity to short-term weather events.

3. **Production Discipline and Cost Inflation:** Many major producers are shifting towards capital discipline and higher costs of production. This will constrain supply growth, making the market tighter and more responsive to price signals.

**Three Negative Trends:**

1. **Volatility from Record Production:** Despite production discipline, U.S. natural gas production is expected to remain at record highs. This abundance of supply can lead to price collapses during periods of mild weather or low demand.

2. **Weather Dependency and Storage Overhangs:** The market remains vulnerable to weather outcomes, with a mild winter leading to storage surpluses. This can create bearish overhangs and require a significant demand response to avoid capacity concerns.

3. **Policy and Regulatory Uncertainty:** Regulatory headwinds, especially from federal agencies, pose a risk to the market. Delays in LNG export permits and stricter regulations could impact operational costs and slow infrastructure development.

**Overall Outlook Summary:**

The outlook for the U.S. natural gas market in 2026 is one of higher volatility within a moderately bullish range. Prices are expected to be structurally higher due to solid export and power demand, but domestic production levels will prevent extreme spikes. Investors and companies should prepare for a market driven by geopolitical events, weather patterns, and regulatory decisions, requiring a nimble strategy focused on efficiency and cost control.",scaffold_DeepSeek-V3.1,DeepSeek-V3.1,gpt-3.5-turbo,deepseek-ai/DeepSeek-V3.1,DeepSeek-V3.1,/Users/kennywongchamcharoen/Downloads/centaur-benchmark-code/results/market_trends/20260609_stable_frontier_v2/augmentation/scaffolds/DeepSeek-V3.1.md,5f898eacd453845912962ca08e4752eeba658d187555db54ef60f185604fb754,"Of course. Here is a briefing on the U.S. natural gas market outlook for 2026.

***

**Briefing: U.S. Natural Gas Market Outlook for 2026**

**To:** Valued Client
**Subject:** Key Bullish and Bearish Trends Influencing Natural Gas Prices in 2026

Good morning. Based on current trajectories and projected developments, here is our analysis of the three primary bullish and three primary bearish factors likely to shape the U.S. natural gas market in 2026.

### **Three Bullish (Positive) Trends**

1.  **Robust LNG Export Demand:** U.S. LNG export capacity is projected to see a significant surge by 2026, with several new liquefaction trains coming online. Global demand, particularly from Europe (seeking to replace piped Russian gas) and growing Asian economies, will ensure these facilities run near full capacity. This creates a permanent, high-volume source of demand that directly links U.S. Henry Hub prices to higher global JKM/TTF benchmarks, providing a firm price floor.

2.  **Growing Data Center & Power Demand:** The rapid expansion of AI-driven data centers and the continued electrification of the economy are drastically increasing baseload power demand. While renewables grow, natural gas remains the primary dispatchable and reliable power source to back them up, especially during peak hours. This structural increase in domestic demand reduces the market's sensitivity to short-term weather events and provides consistent year-round consumption.

3.  **Production Discipline and Cost Inflation:** After a period of rapid growth, many major producers are signaling a shift towards capital discipline and returning cash to shareholders rather than pursuing aggressive volume growth. Concurrently, inflationary pressures on drilling, labor, and equipment costs are making new production more expensive. This constraint on the rampant supply growth of previous years will make the market tighter and more responsive to price signals.

### **Three Bearish (Negative) Trends**

1.  **Volatility from Record Production:** Despite more disciplined growth, U.S. dry natural gas production is expected to remain at or near record highs in 2026. The Permian Basin continues to produce associated gas as a byproduct of crude oil drilling. This massive underlying supply keeps a ceiling on prices and can lead to sharp price collapses during shoulder seasons (spring/fall) or periods of mild weather when demand lags.

2.  **Weather Dependency and Storage Overhangs:** The market remains acutely vulnerable to weather outcomes. A mild winter can lead to an enormous storage surplus, as seen in early 2024. Entering the summer injection season with storage levels well above the 5-year average creates a significant bearish overhang, requiring a massive demand response (via a hot summer) to work down the surplus and avoid capacity concerns the following winter.

3.  **Policy and Regulatory Uncertainty:** Regulatory headwinds, particularly from federal agencies, pose a significant risk. Potential pauses or delays in LNG export permit approvals create uncertainty for future demand projects. Additionally, stricter environmental, safety, and methane emissions regulations could increase operational costs for producers and midstream companies, potentially slowing infrastructure development and adding cost pressures without corresponding price benefits.

### **Interplay of Key Factors**

These trends do not act in isolation. For example, **LNG exports** (demand) are critically dependent on **infrastructure** (pipelines, liquefaction plants) and can be hampered by **policy**. **Weather** is the wildcard that directly impacts **demand** (heating/cooling) and thus **storage** levels, which in turn dictate price volatility throughout the year. **Record supply** battles against **structural demand growth**, with the balance between them determining price direction.

### **Overall Outlook Summary**

The outlook for 2026 is one of **higher volatility within a moderately bullish range**. Prices will likely be structurally higher than in the pre-LNG boom era due to solid export and power demand, but domestic production prowess will prevent them from spiking to extreme levels for prolonged periods. **Investors and companies should prepare for a market driven by geopolitical events, weather patterns, and regulatory decisions, requiring a nimble strategy that prioritizes efficiency and cost control.**"
0,"Positive/Bullish Trends:
1. Rising LNG export volumes and global demand: This trend is likely to push U.S. natural gas prices up in 2026 as new liquefaction trains tie domestic markets to higher-priced global markets, tightening domestic balances.
2. Slower U.S. upstream growth/capital discipline: Continued focus on returns and limited supply growth can elevate baseline tightness, supporting higher natural gas prices.
3. Weather-driven demand spikes and lower-than-expected storage withdrawals: Episodic cold snaps or hotter-than-normal summers can lead to short-term price rallies due to increased power demand for heating or cooling.

Negative/Bearish Trends:
1. Continued production resilience and associated gas: Efficiency gains and oil-directed drilling may keep gas volumes strong, flattening upward price pressure.
2. Tepid industrial demand/milder seasonal weather: Weaker macro activity or a milder winter can reduce consumption, leading to larger storage buffers and downward price pressure.
3. Infrastructure and policy easing long-term demand or bottlenecks: Pipeline expansions and policy shifts can relieve regional tightness and reduce future gas demand growth, putting downward pressure on prices.

Overall Outlook:
Natural gas markets in 2026 are expected to be volatile, with a mix of bullish and bearish trends influencing prices. Investors and companies should focus on flexible exposure, active hedging, and monitoring regional infrastructure constraints and policy developments to manage risks and opportunities in the energy sector.",scaffold_GPT-5-Mini,GPT-5-Mini,gpt-3.5-turbo,gpt-5-mini-2025-08-07,GPT-5-Mini,/Users/kennywongchamcharoen/Downloads/centaur-benchmark-code/results/market_trends/20260609_stable_frontier_v2/augmentation/scaffolds/GPT-5-Mini.md,b21130ab3b505fdb2ae8c99819027a380f3877d103d1646d4ee3cd2643973f8f,"Bullish trends (likely to push U.S. natural gas prices up in 2026)
1. Rising LNG export volumes and global demand — new and ramping U.S. liquefaction trains tie domestic gas markets to higher-priced global markets, tightening domestic balances when export flows are strong.  
2. Slower U.S. upstream growth / capital discipline — continued focus on returns, higher breakevens in some basins, and well decline dynamics can limit incremental supply growth and elevate baseline tightness.  
3. Weather-driven demand spikes and lower-than-expected storage withdrawals — episodic cold snaps (or hotter-than-normal summers raising power demand for cooling) combined with tighter storage replenishment can produce short-term price rallies.

Bearish trends (likely to push U.S. natural gas prices down in 2026)
1. Continued production resilience and associated gas — oil-directed drilling and efficiency gains can keep associated and shale gas volumes strong, flattening upward price pressure.  
2. Tepid industrial demand / milder seasonal weather — weaker macro activity or a milder winter/shoulder seasons reduce consumption, leaving larger storage buffers and downward price pressure.  
3. Infrastructure and policy easing long-term demand or bottlenecks — pipeline expansions, faster permitting of takeaway capacity, more aggressive electrification/renewables and efficiency policies can relieve regional tightness and reduce future gas demand growth.

How these factors interact (brief)
- Supply and infrastructure interact directly: takeaway limits or new pipeline/LNG capacity determine whether incremental U.S. production reaches markets or is locally discounted.  
- LNG exports connect domestic storage and spot balances to global demand; higher export flows accelerate winter/shoulder drawdowns and amplify weather sensitivity.  
- Weather is the immediate swing factor for demand and storage levels; storage inventories set the starting point going into high-demand periods and modulate price volatility.  
- Policy (permitting, methane rules, clean-energy incentives) shapes investment incentives in both upstream supply and gas-fired demand (power-sector retirements or gas-to-clean switching), influencing medium-term fundamentals.

Overall outlook (2–3 sentences)
Natural gas markets in 2026 are likely to remain volatile, with upward price risk from LNG growth, production discipline, and weather shocks balanced by supply resilience, milder demand scenarios, and structural shifts from infrastructure and policy. Investors and companies should prioritize flexible exposure, active hedging, and attention to regional infrastructure constraints and policy developments to manage both upside opportunities and downside risks."
