replicate_id,output,condition,model_id,model_label,item_id,avg_rank,sd_rank,avg_win_rate,sd_win_rate,avg_total_wins,sd_total_wins,avg_total_games,n_runs
0,"Here’s how I would review this as a tax preparer based on the information you gave me.

I’ll note one important limitation up front: I can explain the federal treatment with reasonable precision, but I cannot compute an actual state tax liability without knowing the state. State rules vary a lot. I can, however, explain the likely reason the state tax doesn’t tie to AGI and what to check.

---

# 1) Applicable Federal and State Tax Rules

## A. Self-employment / 1099-NEC income

### Federal rule
Income reported on Form 1099-NEC is generally self-employment income and must be reported in full unless part of it is incorrect and can be substantiated.

- Your client received **$4,200** on a 1099-NEC.
- That income is typically reported on **Schedule C**.
- Net profit from Schedule C flows to **Schedule 1**, then to **Form 1040**.
- If net earnings from self-employment are **$400 or more**, the taxpayer also owes **self-employment tax**, calculated on **Schedule SE**.

Self-employment tax is separate from regular income tax and covers Social Security and Medicare taxes that would otherwise be withheld from wages.

### State rule
Most states begin with federal AGI or federal taxable income, then make additions/subtractions. Self-employment income generally affects state tax too, but:
- some states do not allow the same adjustments,
- some have separate local taxes,
- some do not conform fully to federal law.

So the state return should at least reflect the correct self-employment income if it starts from federal AGI.

---

## B. Mortgage interest deduction

### Federal rule
Mortgage interest is deductible only if the taxpayer **itemizes deductions** on **Schedule A**.

Your client paid **$9,800** of mortgage interest. That does **not** automatically reduce taxable income. It helps only if total itemized deductions exceed the standard deduction.

Common itemized deductions include:
- mortgage interest,
- state and local taxes, subject to the SALT cap,
- charitable contributions,
- certain medical expenses above thresholds.

If the client is filing **Single**, the standard deduction is usually large enough that mortgage interest alone often does not justify itemizing.

### State rule
Some states:
- allow itemized deductions,
- require their own itemized deduction calculation,
- do not allow the same mortgage interest treatment as federal,
- or have their own standard deduction rules.

So mortgage interest may matter differently on the state return.

---

## C. Dependent rules for a 22-year-old full-time college student

A 22-year-old full-time college student can still qualify as a dependent under the **qualifying child** rules if all required tests are met.

### Federal IRS qualifying child tests
Generally, the person must:
1. Be the taxpayer’s child, stepchild, foster child, sibling, or descendant of one of them.
2. Be under age 19 at year-end, **or under age 24 and a full-time student**.
3. Live with the taxpayer more than half the year, with temporary absences for school counting as time lived with the taxpayer.
4. Not provide more than half of their own support.
5. Not file a joint return except for limited refund-only situations.
6. Be a U.S. citizen/resident/national or resident of Canada/Mexico.

### Important point here
The student earned **$18,000**. That does **not automatically disqualify** them.

For a qualifying child, the key test is **support**, not income alone.

Questions that must be answered before claiming them:
- Did the student provide more than half of their own support?
- Who paid tuition, housing, food, insurance, transportation, etc.?
- Did the student live with the taxpayer, counting school as a temporary absence?

If the child did **not** provide more than half of their own support, the taxpayer may still be able to claim them.

### Credit impact
A 22-year-old dependent is **too old for the Child Tax Credit**, but may qualify the taxpayer for the **Credit for Other Dependents** of up to **$500**, if all dependency requirements are met.

### State rule
Most states follow federal dependency status, but some have their own rules or credits. So the dependent issue affects both federal and state returns.

---

## D. Correct standard deduction for filing status

The client selected **Single**.

For a taxpayer filing **Single**, the federal standard deduction depends on the tax year. Since you did not specify the year, I cannot certify the exact amount without that. For recent years:

- **2023 Single standard deduction:** **$13,850**
- **2024 Single standard deduction:** **$14,600**

So the amount typed on Line 12 must match the actual tax year being filed.

Also, if they are eligible to claim a dependent, that does **not** change their own filing status from Single unless they qualify for **Head of Household**, which requires additional facts not provided. Based on what you gave me, I would not change filing status automatically.

---

# 2) Review of Their Forms and Accuracy Check

Now I’ll review the numbers you gave.

## A. Income review

### W-2 wages
- Reported: **$68,500**
- This goes on **Form 1040, line 1**.

### 1099-NEC / freelance income
- Actual amount: **$4,200**
- Client entered on Form 1040: **$2,400**

That is an error.

They understated freelance income by:

**$4,200 - $2,400 = $1,800**

That is a significant reporting error and must be corrected. The IRS receives the 1099-NEC and will match it.

---

## B. Correct federal income calculation

I’ll assume:
- no other income,
- no business expenses were provided for the freelance work,
- no above-the-line deductions other than half of self-employment tax,
- filing status = Single,
- tax year unspecified, so I’ll show the calculation framework and then estimate using both 2023 and 2024 standard deductions.

### Step 1: Total income
- W-2 wages: **$68,500**
- Self-employment gross income: **$4,200**

**Total income = $72,700**

---

## C. Self-employment tax estimate

Assuming no business expenses, Schedule C net profit = **$4,200**.

Self-employment tax is based on **92.35%** of net profit:

- $4,200 × 92.35% = **$3,878.70**

Self-employment tax = 15.3% of that:

- $3,878.70 × 15.3% = about **$593.44**

Estimated **SE tax = $593**

Half of SE tax is deductible as an adjustment to income:

- $593.44 ÷ 2 = about **$296.72**

Deduction for one-half of SE tax = about **$297**

---

## D. Adjusted Gross Income (AGI)

**Total income:** $72,700  
Less half SE tax deduction: about **$297**

**Estimated AGI = $72,403**

That is the AGI I would expect federally, assuming no other adjustments.

---

## E. Deduction choice: standard vs itemized

### Itemized deduction known
- Mortgage interest: **$9,800**

That alone is **less than** either recent Single standard deduction amount:
- 2023: $13,850
- 2024: $14,600

Unless they also have enough:
- state/local taxes,
- charitable contributions,
- medical deductions,
to push itemized deductions above the standard deduction, they should **take the standard deduction**, not itemize.

So the fact that a standard deduction amount is already typed on Line 12 is not necessarily wrong. It may actually be correct. But the amount must match the tax year.

---

## F. Taxable income estimate

### If tax year is 2024
AGI: **$72,403**  
Less standard deduction: **$14,600**

**Taxable income = $57,803**

### If tax year is 2023
AGI: **$72,403**  
Less standard deduction: **$13,850**

**Taxable income = $58,553**

---

## G. Estimated federal income tax

Using Single tax brackets:

### If 2024
Taxable income = **$57,803**

Approximate regular income tax:
- 10% of first $11,600 = $1,160
- 12% of next $35,550 = $4,266
- 22% of remaining $10,653 = about $2,344

Regular income tax ≈ **$7,770**

Add self-employment tax ≈ **$593**

Estimated total federal tax before credits/payments ≈ **$8,363**

If the dependent qualifies, possible **Credit for Other Dependents** up to **$500**, reducing total tax to about:

**$7,863**

### If 2023
Taxable income = **$58,553**

Approximate regular income tax:
- 10% of first $11,000 = $1,100
- 12% of next $33,725 = $4,047
- 22% of remaining $13,828 = about $3,042

Regular income tax ≈ **$8,189**

Add self-employment tax ≈ **$593**

Estimated total federal tax before credits/payments ≈ **$8,782**

If dependent qualifies, less possible $500 credit:

**$8,282**

These are estimates only. Actual return depends on tax year, withholding, business expenses, credits, and state.

---

## H. Specific errors and inconsistencies found

### Error 1: Freelance income entered incorrectly
- Actual 1099-NEC income: **$4,200**
- Entered: **$2,400**
- Underreported by **$1,800**

This must be corrected.

### Error 2: Possible misuse of mortgage interest
Mortgage interest of **$9,800** does not automatically reduce taxable income unless the client itemizes. If they entered mortgage interest somewhere without filing Schedule A, that would be incorrect.

### Error 3: Dependent may or may not qualify
The 22-year-old student is not automatically disqualified because they earned $18,000, but eligibility depends on support and residency/student rules. This needs factual verification before claiming the dependent.

### Error 4: Standard deduction amount must match tax year
A standard deduction is already typed on Line 12. That may be fine, but it must be the correct amount for the tax year filed. I would verify the year and amount.

### Error 5: State tax liability does not match AGI shown
That indicates one of the following:
- arithmetic error,
- AGI transferred incorrectly from federal,
- state additions/subtractions not reflected properly,
- tax table/bracket applied incorrectly,
- state standard/itemized deduction entered incorrectly,
- local tax or credits entered inconsistently.

Because all calculations were done by the client, I would strongly suspect either a transfer error or a tax table computation error.

---

# 3) Guidance for Correct Form Completion

## Federal forms and schedules needed

### 1. Form 1040
Main individual return.

Key entries:
- **Line 1**: W-2 wages = **$68,500**
- Self-employment income should not simply be typed directly as a random amount; it should flow from schedules.

### 2. Schedule C
Required for the 1099-NEC freelance income.

Enter:
- Gross receipts: **$4,200**
- Business expenses: only if substantiated and related to the freelance activity

If no expenses are available, net profit = **$4,200**.

### 3. Schedule SE
Required because net self-employment income exceeds $400.

This computes:
- self-employment tax of about **$593**
- half-SE-tax deduction of about **$297**

### 4. Schedule 1
Used to report:
- business income from Schedule C
- adjustment for half of self-employment tax

### 5. Schedule A
Only needed if itemizing deductions.

Based on the facts provided, I would **not** use Schedule A unless the client has additional itemized deductions that push total itemized deductions above the standard deduction.

### 6. Dependent section on Form 1040
Only list the 22-year-old if dependency tests are actually met.

If they qualify:
- include them in dependents section
- possible **Credit for Other Dependents** may apply

---

## How to correct the federal return

### Correct self-employment income
Replace the incorrectly entered **$2,400** with the proper Schedule C net profit, likely **$4,200** unless there are deductible business expenses.

### Recompute AGI
AGI should reflect:
- wages
- full self-employment profit
- minus half of self-employment tax

### Confirm deduction method
Compare:
- standard deduction for Single for the correct year
vs.
- total itemized deductions

With only **$9,800** of mortgage interest provided, standard deduction is likely better.

### Recompute taxable income and tax
After correcting AGI and deduction choice, recalculate:
- taxable income
- regular income tax
- self-employment tax
- credits
- total tax
- withholding/payments/refund or balance due

---

## State return guidance

Because the state is not identified, here is the proper review method.

### What to verify on the state return
1. Does the state start with **federal AGI** or **federal taxable income**?
2. Was the corrected federal AGI transferred properly?
3. Did the client enter the correct state deduction or exemption?
4. Did they apply the correct state tax table or rate schedule?
5. Were there state-specific additions/subtractions omitted?
6. Was withholding from the W-2 entered correctly?
7. Is there any local tax form attached that changes the liability?

### Why state figures may differ from federal
State tax often differs because:
- different standard deduction or exemption amounts,
- different treatment of itemized deductions,
- no deduction for half of SE tax in some states,
- different tax brackets/rates,
- state credits,
- local taxes.

But the state tax liability still needs to be mathematically consistent with the state’s own taxable income base. If the liability doesn’t match the AGI shown, that suggests a calculation or transfer problem.

---

# 4) Client Questions and Preventative Advice

## Can they legally claim the 22-year-old student as a dependent?

### Maybe, but not based on income alone
The student’s **$18,000 of earnings does not automatically prevent dependency**.

The key questions are:
- Was the student a full-time student for at least part of 5 calendar months?
- Was the student under age 24 at year-end? Yes, at 22, that test is met.
- Did the student live with the taxpayer more than half the year, counting school absences as temporary?
- Did the student provide more than half of their own support?

If the taxpayer paid most of the student’s support, they may be claimable.

### What support includes
Support generally includes:
- housing
- food
- tuition
- books
- transportation
- medical insurance/medical costs
- clothing
- personal expenses

I would not finalize the dependent claim until I reviewed who actually paid these costs.

---

## Should they itemize or take the standard deduction?

Based on the information provided, they should most likely **take the standard deduction**.

Why:
- Mortgage interest = **$9,800**
- That alone is below the Single standard deduction in recent years
- Unless they have enough other itemized deductions, itemizing would produce a smaller deduction

So the mortgage interest is relevant, but probably not beneficial on the federal return unless there are additional deductions.

---

## Why federal and state figures may differ

This is normal to a point. Common reasons:
- state does not use the same deduction amount,
- state taxable income starts from AGI but then adjusts,
- state may not mirror federal itemized deduction rules,
- state tax rates differ,
- state credits differ.

However, a tax liability that “does not match the AGI shown” usually means:
- wrong taxable income base,
- wrong tax table,
- incorrect carryover from federal,
- or simple arithmetic error.

---

## How to avoid similar issues next year

### 1. Keep self-employment records separately
For freelance income:
- track all 1099s
- keep a business income/expense log
- save receipts for deductible expenses
- use a separate bank account if possible

### 2. Make estimated tax payments
Because 1099 income has no withholding, the client may owe tax at filing time.

If they continue freelancing, they should consider **quarterly estimated tax payments** using **Form 1040-ES**.

A rough rule:
- set aside around **25% to 30%** of freelance profit for federal taxes, depending on income level and state tax.

### 3. Reconcile all IRS forms before filing
Before filing, compare:
- W-2s
- 1099-NECs
- 1099-INT/DIV
- mortgage interest statement Form 1098
- tuition forms if applicable

The IRS matching system will catch missing 1099 income.

### 4. Verify dependency before claiming
For an older student dependent, keep records showing:
- school enrollment
- where they lived
- who paid tuition/housing/food
- support calculation

### 5. Use tax software carefully or have returns reviewed
The mistakes here suggest:
- data entry error,
- possible misunderstanding of deductions,
- possible state transfer/calculation error.

A review before filing is worthwhile.

---

# Bottom-line preparer summary

## Corrections needed
- Correct 1099-NEC income from **$2,400** to **$4,200**
- Prepare **Schedule C** and **Schedule SE**
- Recompute AGI to about **$72,403** assuming no business expenses
- Use the correct **Single standard deduction** for the actual tax year
- Do **not** itemize based solely on $9,800 mortgage interest unless there are more itemized deductions
- Verify whether the 22-year-old student meets dependency support rules before claiming them
- Rework the state return because its tax liability is inconsistent with the income shown

## Estimated federal figures
Assuming no other adjustments, no business expenses, and Single:
- **Total income:** $72,700
- **AGI:** about $72,403
- **Taxable income:** about $57,803 for 2024, or $58,553 for 2023
- **SE tax:** about $593
- **Estimated total federal tax before withholding/payments:** about $8,363 for 2024 or $8,782 for 2023
- Potential **$500 dependent credit** only if the student qualifies

If you want, I can next turn this into a line-by-line mock completion of the federal Form 1040 and schedules, and also give you a checklist of questions to ask the client before finalizing the dependent and state return.",gpt-5.4,gpt-5.4,gpt-5.4,6,1.0333333333333334,0.07453559924999308,0.9916666666666668,0.018633899812498196,23.8,0.44721359549995765,24.0,5
0,"# Comprehensive Tax Review & Professional Guidance

---

## PRELIMINARY NOTE TO CLIENT

Thank you for bringing your documents and partially completed returns to me. After a thorough review of everything you've provided, I've identified **several significant errors and issues** that need to be corrected before these returns can be filed. Let me walk through everything systematically.

---

# SECTION 1: APPLICABLE FEDERAL & STATE TAX RULES

## 1A. Reporting Self-Employment / Freelance Income

Under **IRC §61**, all income from whatever source derived is taxable. Your 1099-NEC income of $4,200 constitutes self-employment income and is governed by the following rules:

- **IRC §1402 and the Self-Employment Contributions Act (SECA):** Any individual who has net earnings from self-employment of **$400 or more** during the tax year must report that income and pay self-employment tax (Social Security at 12.4% and Medicare at 2.9%, totaling 15.3%) on net earnings.
- **Schedule C (Form 1040), Profit or Loss from Business**, is required to report gross income and any allowable business expenses. Even if you have no expenses to deduct, the income must flow through Schedule C.
- **Schedule SE (Form 1040)** is then used to compute the self-employment tax.
- **Deductible portion of SE tax:** Under **IRC §164(f)**, you may deduct **one-half** of your self-employment tax as an above-the-line adjustment to income (Form 1040, Schedule 1, Line 15). This is not an itemized deduction — it reduces your AGI directly.
- The full amount reported on the 1099-NEC — **$4,200** — must be reported. The IRS receives a copy of every 1099-NEC. Underreporting will trigger a notice, and potentially penalties and interest.

## 1B. Deductibility of Mortgage Interest

Under **IRC §163(h)** and as modified by the **Tax Cuts and Jobs Act (TCJA) of 2017**:

- Mortgage interest on **acquisition indebtedness** up to **$750,000** (for loans originated after December 15, 2017) is deductible. For loans originated on or before that date, the limit is $1,000,000.
- This deduction is only available if you **itemize deductions** on **Schedule A (Form 1040)**.
- You **cannot** claim mortgage interest and simultaneously take the standard deduction. It is one or the other.
- Your mortgage interest of **$9,800** is a legitimate deductible expense, but only if your total itemized deductions **exceed** the standard deduction. We will analyze this below.

## 1C. Who Qualifies as a Dependent Under IRS Rules

The IRS provides two categories of dependents under **IRC §152**: a **Qualifying Child** and a **Qualifying Relative**. Let me apply both tests to your 22-year-old full-time college student.

### Test 1: Qualifying Child (IRC §152(c))

All **five** of the following must be met:

| Requirement | Rule | Your Situation | Met? |
|---|---|---|---|
| **Relationship** | Son, daughter, stepchild, foster child, sibling, or descendant of any of these | Assuming this is your child | ✅ Presumably yes |
| **Age** | Under 19 at end of tax year, OR under **24 and a full-time student** | Age 22, full-time student | ✅ Yes |
| **Residency** | Must have lived with you for more than half the year | You need to confirm this | ⚠️ Must verify |
| **Support** | The dependent must NOT have provided more than half of their own support | They earned **$18,000** | ⚠️ **CRITICAL ISSUE** |
| **Joint Return** | The dependent must not file a joint return (with exceptions) | Need to confirm | ⚠️ Must verify |

**The support test is the critical problem here.** Your dependent earned $18,000. The IRS support test under §152(c)(1)(D) asks whether the child provided **more than half of their own support**. Support includes housing (fair market value of lodging), food, clothing, education, medical care, transportation, and recreation.

**Key question I need you to answer:** Did you provide more than half of this person's total support for the year? If their total support costs were, say, $30,000 (tuition, room, board, living expenses), and you paid $16,000+ of that while they used their $18,000 earnings for other purposes (savings, car, entertainment), you may still meet the test. But if they used their $18,000 to pay for the majority of their own living expenses and their total support cost was, say, $32,000 or less, they may have provided more than half themselves.

**This requires a detailed support worksheet (IRS Publication 501, Worksheet 2).**

### Test 2: Qualifying Relative (IRC §152(d)) — Fallback

If the qualifying child test fails, we check qualifying relative:

| Requirement | Rule | Your Situation | Met? |
|---|---|---|---|
| **Not a qualifying child** | Cannot be anyone else's qualifying child | Must confirm | — |
| **Relationship or member of household** | Must meet relationship test or live with you all year | Presumably met | — |
| **Gross income** | Must have gross income **less than $4,700** (2023) or **$5,050** (2024) | Earned **$18,000** | ❌ **FAILS** |
| **Support** | You must provide more than half their support | — | — |

**The qualifying relative test fails immediately** because the dependent's gross income of $18,000 far exceeds the threshold.

### **Bottom Line on the Dependent:**
Your ability to claim this person depends **entirely** on whether they qualify as a **Qualifying Child**, which hinges on the **support test** and the **residency test**. Given their $18,000 in earnings, this is a **high-risk claim** that must be carefully documented. If you cannot demonstrate that you provided more than half of their total support, **you cannot claim them as a dependent, and your filing status implications and any credits would change.**

## 1D. Standard Deduction for Filing Status

For the **2024 tax year** (filed in 2025):

| Filing Status | Standard Deduction |
|---|---|
| Single | **$14,600** |
| Head of Household | **$21,900** |
| Married Filing Jointly | **$29,200** |
| Married Filing Separately | **$14,600** |

You selected **Single**. Before I accept that, let me note: if you are **unmarried** and you paid more than half the cost of keeping up a home that was the **main home** for your dependent child for more than half the year, you may qualify for **Head of Household** status, which provides a larger standard deduction ($21,900) and more favorable tax brackets. We should evaluate this.

For now, assuming Single filing status, your standard deduction is **$14,600**.

---

# SECTION 2: FORM REVIEW — ERRORS DETECTED

## Error #1: Freelance Income Incorrectly Entered — CRITICAL

| Item | What You Entered | What It Should Be | Discrepancy |
|---|---|---|---|
| Freelance income (1099-NEC) | $2,400 | **$4,200** | **$1,800 underreported** |

Your 1099-NEC clearly states $4,200. The Form 1040 shows $2,400. This is an **$1,800 understatement of income**. The IRS receives a copy of your 1099-NEC directly from the payer. Their Automated Underreporter (AUR) system **will** catch this discrepancy, and you will receive a **CP2000 notice** proposing additional tax, plus interest, and potentially a **20% accuracy-related penalty** under IRC §6662.

**This must be corrected immediately.**

## Error #2: Standard Deduction Entered, But Mortgage Interest Suggests Possible Itemizing

You have the standard deduction pre-filled on Line 12 of Form 1040. However, you also have $9,800 in mortgage interest. Let's determine which is more beneficial:

**Itemized Deduction Analysis:**

| Itemized Deduction Category | Amount | Notes |
|---|---|---|
| Mortgage interest (Schedule A, Line 8a) | $9,800 | From Form 1098 |
| State and local taxes (SALT) — Line 5a-5d | **Up to $10,000** | Need your actual figures; property tax + state income tax |
| Charitable contributions | ? | Did you make any donations? |
| Medical expenses (exceeding 7.5% of AGI) | ? | Likely not applicable unless significant |
| **Estimated total itemized** | **$9,800 + SALT** | — |

**Critical analysis:** If your state income tax and property taxes combined are **$4,801 or more**, then your itemized deductions would exceed $14,600 (the standard deduction), and you should itemize. For example:

- If you paid $4,000 in property tax and $3,500 in state income tax = $7,500 SALT
- Total itemized: $9,800 + $7,500 = **$17,300**
- That's **$2,700 more** than the standard deduction, saving you real money.

**I need to see your property tax statements and state income tax paid/withheld (from your W-2 Box 17 and any estimated state payments).** If you have these, we should almost certainly be itemizing.

If you have **no** SALT deductions and no other itemized deductions, then $9,800 alone does not exceed $14,600, and the standard deduction is correct — but the mortgage interest would simply go unused. This is common post-TCJA, but let's verify before accepting it.

## Error #3: State Tax Return — Computed Liability Does Not Match AGI

You noted that your state return shows a tax liability that doesn't match the AGI shown. There are several likely causes:

1. **The federal AGI was wrong when carried to the state return** — because of the $1,800 freelance income underreporting, your federal AGI is wrong, and most state returns begin with federal AGI. Garbage in, garbage out.
2. **State-specific adjustments were not made** — many states require additions or subtractions to federal AGI (e.g., some states don't conform to certain federal deductions, or they add back the SALT deduction).
3. **Arithmetic error** — the client may have used the wrong tax table, wrong filing status bracket, or made a calculation mistake.
4. **Deduction differences** — some states have their own standard deduction amounts that differ from federal.

**We cannot finalize the state return until the federal return is corrected.** The state return must be rebuilt from the corrected federal figures.

## Corrected Federal Calculations

Let me now recalculate everything properly.

### Gross Income Calculation

| Income Source | Amount |
|---|---|
| W-2 wages (Line 1a) | $68,500 |
| Freelance/1099-NEC income (Schedule C → Schedule 1, Line 3) | $4,200 |
| **Total income (Line 9)** | **$72,700** |

### Adjustments to Income (Schedule 1, Part II)

| Adjustment | Calculation | Amount |
|---|---|---|
| Deductible half of SE tax | See SE tax calculation below | ($297) |
| **Total adjustments** | | **($297)** |

**Self-Employment Tax Calculation (Schedule SE):**
- Net self-employment earnings: $4,200 (assuming no business expenses on Schedule C)
- SE tax base: $4,200 × 92.35% = **$3,879** (per IRC §1402(a), you multiply by 0.9235)
- SE tax: $3,879 × 15.3% = **$593** (rounded; $3,879 × 12.4% = $481 Social Security + $3,879 × 2.9% = $112 Medicare = **$593**)
- Deductible half: $593 ÷ 2 = **$297** (rounded)

### Adjusted Gross Income (AGI)

| Item | Amount |
|---|---|
| Total income | $72,700 |
| Less: Deductible half of SE tax | ($297) |
| **AGI (Line 11)** | **$72,403** |

### Deductions (Line 12)

**Scenario A — Standard Deduction (if itemizing is not beneficial):**
- Standard deduction (Single): **$14,600**

**Scenario B — Itemized Deductions (if SALT makes it worthwhile):**
- Mortgage interest: $9,800
- SALT (need actual figures, capped at $10,000): **$_____**
- Other itemized deductions: **$_____**
- **Total itemized: $9,800 + SALT + other**

*I'll proceed with both scenarios, but I strongly recommend we gather your SALT information.*

### Taxable Income

**Using Standard Deduction:**

| Item | Amount |
|---|---|
| AGI | $72,403 |
| Less: Standard deduction | ($14,600) |
| **Taxable income (Line 15)** | **$57,803** |

**Using Itemized Deductions (example with $7,500 SALT):**

| Item | Amount |
|---|---|
| AGI | $72,403 |
| Less: Itemized deductions ($9,800 + $7,500) | ($17,300) |
| **Taxable income (Line 15)** | **$55,103** |

### Federal Income Tax Calculation (2024 Tax Brackets — Single)

**Using Standard Deduction (Taxable Income: $57,803):**

| Bracket | Rate | Taxable Amount | Tax |
|---|---|---|---|
| $0 – $11,600 | 10% | $11,600 | $1,160.00 |
| $11,601 – $47,150 | 12% | $35,550 | $4,266.00 |
| $47,151 – $57,803 | 22% | $10,653 | $2,343.66 |
| **Total federal income tax** | | | **$7,769.66** |

**Using Itemized Deductions (Taxable Income: $55,103):**

| Bracket | Rate | Taxable Amount | Tax |
|---|---|---|---|
| $0 – $11,600 | 10% | $11,600 | $1,160.00 |
| $11,601 – $47,150 | 12% | $35,550 | $4,266.00 |
| $47,151 – $55,103 | 22% | $7,953 | $1,749.66 |
| **Total federal income tax** | | | **$7,175.66** |

**Itemizing saves approximately $594 in this example.** This is why we need your SALT figures.

### Total Federal Tax Liability

| Item | Standard Ded. Scenario | Itemized Scenario |
|---|---|---|
| Federal income tax | $7,769.66 | $7,175.66 |
| Self-employment tax (Schedule SE) | $593.00 | $593.00 |
| **Total tax** | **$8,362.66** | **$7,768.66** |

*Credits (such as the dependent-related credits) would reduce this, but we must first confirm dependent eligibility.*

### Note on Credits Related to the Dependent

If the dependent **does** qualify:
- **You cannot claim the Child Tax Credit** — the dependent is 22 years old (must be under 17 at end of tax year for the $2,000 Child Tax Credit under IRC §24).
- **You may be able to claim the Credit for Other Dependents** — a $500 nonrefundable credit for dependents who don't qualify for the Child Tax Credit.
- **You may be able to claim the American Opportunity Tax Credit (AOTC) or Lifetime Learning Credit** if you paid qualified education expenses — but we need Form 1098-T from the college and documentation of expenses paid.

---

# SECTION 3: REQUIRED FORMS, SCHEDULES & CORRECTIONS

## Forms and Schedules You Need to File

| Form/Schedule | Purpose | Status |
|---|---|---|
| **Form 1040** | U.S. Individual Income Tax Return | Needs correction |
| **Schedule 1** | Additional Income and Adjustments (Lines 3 and 15) | **Must be added** — freelance income and SE tax deduction |
| **Schedule C** | Profit or Loss from Business | **Must be added** — to report $4,200 freelance income |
| **Schedule SE** | Self-Employment Tax | **Must be added** — to compute $593 SE tax |
| **Schedule A** | Itemized Deductions | **Possibly needed** — if itemizing is beneficial |
| **Schedule 8812** | Credits for Qualifying Children and Other Dependents | **Possibly needed** — if dependent qualifies, for $500 ODC |
| **State return** | (Varies by state) | **Must be recalculated** from corrected federal figures |

## Where Each Item Gets Entered

### Form 1040:
- **Line 1a:** W-2 wages — **$68,500** ✓
- **Line 8:** Other income from Schedule 1 — **$4,200** (freelance) minus adjustments
- **Line 9:** Total income — **$72,700**
- **Line 10:** Adjustments from Schedule 1 — **($297)** (half of SE tax)
- **Line 11:** AGI — **$72,403**
- **Line 12:** Standard deduction ($14,600) OR itemized deductions from Schedule A
- **Line 15:** Taxable income — calculated as shown above
- **Line 16:** Tax — from tax table or calculation above
- **Line 23:** SE tax from Schedule SE — **$593** (entered via Schedule 2, Line 4)
- **Line 24:** Total tax

### Schedule 1:
- **Part I, Line 3:** Business income from Schedule C — **$4,200**
- **Part II, Line 15:** Deductible half of SE tax — **$297**

### Schedule C:
- **Line 1:** Gross receipts — **$4,200**
- **Line 7:** Gross income — **$4,200** (assuming no cost of goods sold)
- **Lines 8-27:** Business expenses — enter any legitimate expenses (home office, supplies, software, mileage, etc.)
- **Line 31:** Net profit — **$4,200** (or less if you have deductible expenses)

**Important:** Did you have ANY expenses related to your freelance work? Even small amounts for supplies, software subscriptions, internet (business portion), mileage, or a home office can reduce your taxable self-employment income. We should discuss this.

### Schedule SE:
- **Line 2:** Net earnings from self-employment — **$4,200**
- **Line 4a:** Multiply by 0.9235 — **$3,879**
- **Line 12:** SE tax — **$593**
- **Line 13:** Deductible half — **$297**

### Schedule A (if itemizing):
- **Line 5a:** State and local income taxes (from W-2 Box 17) — **$_____**
- **Line 5b:** State and local personal property taxes — **$_____**
- **Line 5c:** State and local real estate taxes — **$_____**
- **Line 5d:** Total SALT (limited to $10,000) — **$_____**
- **Line 8a:** Home mortgage interest (from Form 1098) — **$9,800**
- **Line 17:** Total itemized deductions — **Sum of above**

## Corrections Summary

| Issue | What's Wrong | How to Fix |
|---|---|---|
| **1099-NEC income** | Entered as $2,400; should be $4,200 | Correct Schedule C Line 1 and all downstream figures |
| **Missing Schedule C** | Not prepared | Prepare and attach Schedule C |
| **Missing Schedule SE** | Not prepared | Prepare and attach Schedule SE; add $593 to total tax |
| **Missing Schedule 1** | Not prepared | Prepare to report business income and SE tax adjustment |
| **Deduction choice** | Standard deduction used without analyzing itemization | Gather SALT data; compare and choose the larger deduction |
| **Dependent claim** | May not be valid | Complete support worksheet; remove if test fails |
| **Filing status** | Single selected; may qualify for HOH | Evaluate Head of Household eligibility |
| **State return** | Liability doesn't match AGI | Rebuild entirely from corrected federal AGI |

---

# SECTION 4: CLIENT GUIDANCE & PREVENTATIVE ADVICE

## Can You Legally Claim the Dependent?

**Possibly, but it's not certain, and here's why this is a serious concern:**

Your dependent earned $18,000. While the age test (under 24, full-time student) and relationship test are likely met, the **support test** is the gatekeeper. I need you to complete a **support worksheet** with me. We will list:

- **Total support costs for the year:** Tuition, room and board (or fair rental value of the room you provided), food, clothing, transportation, medical/dental insurance and costs, personal expenses, recreation
- **How much of that YOU paid** (directly or through loans in your name)
- **How much the dependent paid from their own earnings or savings**
- **How much came from scholarships** (scholarships generally are NOT counted as support provided by the student under IRS rules — this could work in your favor)

**If scholarships covered a significant portion of education costs, and you provided housing and other support, you may still meet the test even with their $18,000 income.** But we need to document this carefully.

**If you cannot claim the dependent:**
- You lose the $500 Other Dependents Credit
- You definitely cannot file as Head of Household
- Any education credits would need to be evaluated differently
- The dependent would need to file their own return and could potentially claim education credits themselves

**If you CAN claim the dependent, also consider:**
- The dependent must still file their own return (they earned $18,000, well above the filing threshold), but they must check the box indicating they CAN be claimed as a dependent on someone else's return
- They cannot claim their own personal exemption (exemptions are zeroed out under TCJA, but this affects certain state returns)

## Why Federal and State Figures May Differ

This is a common source of confusion. Here are the typical reasons:

1. **Different starting points:** Most states start with federal AGI but then make state-specific adjustments (additions and subtractions).

2. **Different deduction amounts:** States have their own standard deduction amounts. For example:
   - New York: $8,000 (Single)
   - California: $5,540 (Single, 2024)
   - Virginia: $8,000 (Single)
   - Some states have no income tax at all (FL, TX, WA, NV, etc.)

3. **SALT deduction circularity:** You deduct state taxes on your federal Schedule A, but states generally don't let you deduct state taxes on the state return.

4. **Different tax rates and brackets:** States have their own rate structures, often much lower and flatter than federal.

5. **Different credit rules:** State credits for education, dependents, and earned income vary widely.

6. **In your specific case:** The primary reason your state return is wrong is that it was built on an incorrect federal AGI. Once we correct the federal return, the state return must be recalculated from scratch.

*Please tell me which state you're filing in so I can provide state-specific guidance.*

## How to Avoid These Issues Next Year

### 1. Estimated Tax Payments for Self-Employment Income
Since you have freelance income, you should consider making **quarterly estimated tax payments** using **Form 1040-ES**. The due dates are:
- Q1: April 15
- Q2: June 15
- Q3: September 15
- Q4: January 15 (of the following year)

If your freelance income continues or grows, failure to make estimated payments can result in an **underpayment penalty** under IRC §6654. The safe harbor is to pay at least **100% of the prior",Claude-Opus-4.6,claude-opus-4-6,Claude-Opus-4.6,7,2.833333333333333,0.3726779962499652,0.7666666666666667,0.03726779962499654,18.4,0.8944271909999161,24.0,5
0,"Certainly! Here’s a comprehensive, step-by-step review and guidance, just as you’d receive from a professional tax preparer:

---

## 1. **Applicable Federal & State Tax Rules**

### **A. Reporting Self-Employment Income**
- **Federal:** All self-employment (freelance/contract) income must be reported on Schedule C (Form 1040). The gross amount from all 1099-NECs and any additional cash/check payments must be included. You also must file Schedule SE to calculate self-employment tax (Social Security & Medicare).
- **State:** Most states start with federal AGI, so accurate federal reporting is crucial. Some states have their own self-employment tax, but most do not. You’ll need to check for any state-specific business tax forms or deductions.

### **B. Deductibility of Mortgage Interest**
- **Federal:** Mortgage interest is deductible as an itemized deduction on Schedule A. You can only claim this if you itemize instead of taking the standard deduction.
- **State:** Many states also allow a mortgage interest deduction, but rules vary. Some have their own itemized deduction forms or limits.

### **C. Dependent Qualification Under IRS Rules**
- **Qualifying Child:** For your 22-year-old college student to qualify as a dependent:
  - Must be under age 24 at the end of the year and a full-time student for at least 5 months.
  - Must live with you for more than half the year.
  - Must not provide more than half of their own support.
  - **Income Test:** There’s no income limit for a qualifying child, but the support test is critical. If your child earned $18,000, you must determine if that money contributed to more than half of their total support (rent, food, tuition, etc.). If they paid more than half, you cannot claim them.
- **Qualifying Relative:** Not applicable here, as the child is under 24 and a student.

### **D. Standard Deduction for Filing Status**
- **2023 Standard Deduction (Single):** $13,850
- **Itemizing:** Only itemize if your total itemized deductions (mortgage interest + other eligible expenses) exceed the standard deduction.

---

## 2. **Review & Accuracy Check**

### **A. Income Review**
- **W-2 Income:** $68,500 (correct as provided)
- **1099-NEC Income:** $4,200 (but only $2,400 was entered on the 1040—this is an error)
  - **Correction:** The full $4,200 must be reported as business income on Schedule C.

### **B. Deductions**
- **Mortgage Interest:** $9,800
- **Standard Deduction Entered:** $13,850 (correct for Single in 2023)
- **Itemizing vs. Standard Deduction:** Unless you have $4,050 or more in additional itemized deductions (state/local taxes, charitable gifts, etc.), the standard deduction is better.

### **C. Dependent**
- **Dependent Listed:** 22-year-old student, earned $18,000. You must verify the support test before claiming.

### **D. Arithmetic & Data Entry Errors**
- **Self-Employment Income Underreported:** Only $2,400 entered instead of $4,200.
- **AGI Calculation:** If $2,400 was entered, AGI is understated by $1,800.
- **Taxable Income:** If standard deduction is used, taxable income is (W-2 + full freelance) - $13,850.
- **State Tax Form:** If the AGI does not match, it’s likely due to the underreported freelance income or a data entry error.

### **E. Calculations**
#### **Corrected Federal Income Calculation**
- **W-2:** $68,500
- **Self-Employment:** $4,200
- **Total Income:** $72,700

#### **Adjustments**
- **Self-Employment Tax Deduction:** You can deduct half of your SE tax from AGI. Let’s estimate SE tax:
  - Net SE income: $4,200
  - SE tax: $4,200 × 92.35% × 15.3% ≈ $594
  - Deductible portion: $297
- **Adjusted Gross Income (AGI):** $72,700 - $297 ≈ $72,403

#### **Deductions**
- **Standard Deduction:** $13,850

#### **Taxable Income**
- $72,403 - $13,850 = **$58,553**

#### **Estimated Federal Tax (Single, 2023 Rates)**
- 10% on first $11,000 = $1,100
- 12% on next $33,725 ($44,725 - $11,000) = $4,047
- 22% on next $13,828 ($58,553 - $44,725) = $3,042
- **Total = $1,100 + $4,047 + $3,042 = $8,189** (approximate, before credits)
- **Plus SE tax:** $594

#### **State Tax**
- Varies by state, but if AGI is understated, the state tax will be wrong. State tax forms often start with federal AGI.

---

## 3. **Guidance for Correct Form Completion**

### **A. Required Forms & Schedules**
- **Schedule C:** Report all self-employment income ($4,200), minus any legitimate business expenses.
- **Schedule SE:** Calculate self-employment tax.
- **Schedule A:** Only if itemizing deductions (not recommended unless total itemized > $13,850).
- **Form 1040:** Main form; ensure all income is reported, deductions are correct, and correct standard deduction is used.
- **State Return:** Begin with corrected federal AGI; ensure it matches your federal return.

### **B. Where to Enter Items**
- **W-2 Income:** Line 1, Form 1040.
- **Self-Employment Income:** Schedule C, then net profit flows to Schedule 1, Line 3, then to Form 1040, Line 8.
- **Mortgage Interest:** Schedule A, Line 8a (if itemizing).
- **Standard Deduction:** Line 12, Form 1040 (if not itemizing).
- **Dependent:** List on Form 1040, page 1. Be sure you can pass the support test.

### **C. How to Correct Issues**
- **Correct Self-Employment Income:** Replace $2,400 with $4,200 on Schedule C and all subsequent lines.
- **Recalculate AGI and taxable income:** Use the corrected figures above.
- **Check State Return:** Update state AGI to match federal, recalculate state tax.

### **D. Standard Deduction vs. Itemizing**
- **Standard deduction is higher ($13,850) than your only known itemized deduction ($9,800).** Unless you have at least $4,050 more in deductible expenses, use the standard deduction.

---

## 4. **Answers & Preventative Advice**

### **A. Can You Claim Your 22-Year-Old Dependent?**
- **Maybe.** You must pass the support test: Did you provide more than half of their total support? If their $18,000 income paid for most of their expenses, you likely cannot claim them. If you still provided more than half (tuition, room & board, etc.), you can claim them as a qualifying child. Be prepared to document this if the IRS asks.

### **B. Why Federal & State Figures May Differ**
- **Common Reasons:**
  - State starts with federal AGI—if your federal AGI is wrong, state will be too.
  - States may have different deductions, credits, or tax rates.
  - Data entry errors can cause mismatches.

### **C. How to Avoid These Issues Next Year**
- **Keep Accurate Records:** Track all income (W-2s, 1099s, cash, checks), expenses, and deductions.
- **Use Tax Software or a Professional:** This helps catch math/data entry errors.
- **Pay Estimated Taxes:** For freelance income, pay quarterly estimated taxes using IRS Form 1040-ES to avoid penalties.
- **Double-Check All Entries:** Especially AGI, deductions, and dependents.

### **D. Recommendations**
- **Recordkeeping:** Keep all tax documents, receipts, and support documentation for dependents for at least 3 years.
- **Estimated Payments:** If you expect to owe $1,000+ in tax from freelance work, make quarterly payments.
- **Review Dependents:** Each year, reconsider if your child still qualifies as your dependent.
- **Stay Informed:** Tax laws change—review IRS updates annually.

---

## **Summary of Corrections Needed**

1. **Report full $4,200 freelance income** on Schedule C.
2. **Recalculate AGI** (should be about $72,403 after SE tax deduction).
3. **Use the standard deduction** ($13,850) unless you have more to itemize.
4. **Check dependent eligibility**—claim only if you pass the support test.
5. **Update state return** to match corrected federal AGI.
6. **File all required schedules:** C, SE, and possibly A (if itemizing).
7. **Pay any additional tax due** from underreported income and self-employment tax.

If you need further help, bring in all tax documents and expenses, and I can walk you through each step or handle the filing for you.",GPT-4.1,gpt-4.1,GPT-4.1,0,3.0,0.0,0.75,0.0,18.0,0.0,24.0,5
0,"## 1.  Applicable Federal & State Tax Rules  

Below is a concise “cheat‑sheet” of the rules that govern every item you listed.  (All calculations below assume the **2023 tax year** unless noted otherwise; if you are filing for 2022, the numbers are only a few dollars different.)

| Topic | Federal rule (IRS) | Typical State rule* |
|-------|-------------------|----------------------|
| **Self‑employment (freelance) income** | • Must be reported on **Schedule C** (or Schedule C‑EZ).  Net profit = gross receipts – allowable business expenses.  <br>• Net profit is then carried to **Form 1040, line 3** (via Schedule 1).  <br>• Self‑employment tax (Social Security + Medicare) is computed on **Schedule SE** – 15.3 % of 92.35 % of net profit.  Half of the SE tax is an “above‑the‑line” deduction on Schedule 1, line 14. | Most states start with the same federal **AGI** and then apply their own tax rates.  Some states (e.g., CA, NY) also require a state‑level self‑employment tax or add a “state SE tax” line.  The **state AGI** must match the federal AGI you report, so any error on the federal side will cascade to the state return. |
| **Mortgage interest deduction** | • Reported on **Schedule A** (Itemized Deductions).  Only interest on a qualified residence (primary home and/or second home) is deductible.  <br>• The deduction is **limited to the amount actually paid** (your $9,800).  <br>• You may only itemize if **total itemized deductions > your standard deduction**. | Most states allow the same mortgage‑interest deduction, but the **state standard deduction** may be different (often lower).  If you itemize federally, you generally must also itemize for the state, unless the state has a separate “state‑only” standard deduction that is larger. |
| **Who qualifies as a dependent?** | Two categories: **Qualifying Child** or **Qualifying Relative**.  For a *qualifying child* you must meet **ALL** of the following: <br>1. **Relationship** – child, step‑child, foster child, sibling, etc. <br>2. **Age** – under 19 at year‑end **or** under 24 **and** a full‑time student. <br>3. **Residency** – lived with you > 6 months (exceptions apply). <br>4. **Support** – the child **must not** have provided **more than half** of his/her own support during the year. <br>5. **Joint return** – not filing a joint return (except to claim a refund). <br>For a *qualifying relative* the income limit is $4,400 (2023) and the support test is the same. | Most states adopt the federal definition of a dependent for personal‑exemption‑type credits, but a few (e.g., IA, MT) have their own dependent‑credit rules.  The **state dependent credit** is usually a percentage of the federal credit, so if you can’t claim the person federally you generally can’t claim them at the state level either. |
| **Standard deduction for “Single”** | 2023: **$13,850** (2022: $12,950).  The amount is **indexed annually** for inflation.  You may claim the standard deduction **instead of** itemizing **unless** your total itemized deductions (mortgage interest, charitable contributions, medical > 7.5 % AGI, etc.) exceed the standard amount. | State standard deductions vary widely: e.g., CA $5,202 (single 2023), NY $8,000, TX has **no state income tax**.  The state will let you either use the federal standard deduction (if it’s larger) or its own amount, whichever is greater.  Again, the state AGI must match the federal AGI. |

\*If you let us know which state you file in, we can plug in the exact numbers; the concepts above apply to every state that has an income tax.  

---

## 2.  Review of Your Forms & Accuracy Check  

Below is a step‑by‑step audit of the numbers you supplied.  I have **re‑calculated** everything from scratch, so you can see where the mismatches arise.

| Item | What you gave | What the law requires | Correct figure (2023) | Comment |
|------|---------------|----------------------|-----------------------|---------|
| **W‑2 wages** | $68,500 | Enter on Form 1040, line 1 | $68,500 | ✅ Correct |
| **Freelance/contract income (1099‑NEC)** | $4,200 (gross) | Must be reported on Schedule C → net profit → Schedule 1, line 3 → Form 1040, line 8 | $4,200 (gross) → **Net profit = $4,200** (assuming no business expenses) | **Error:** You entered **$2,400** on the 1040.  The full $4,200 must be reported. |
| **Net profit from Schedule C** | – | Schedule C, line 31 (Net profit) | $4,200 | (If you have any deductible expenses – e.g., supplies, home‑office, internet – they would reduce this amount.) |
| **Self‑employment tax (Schedule SE)** | – | 15.3 % × 92.35 % of net profit | 0.9235 × $4,200 = $3,879 (net earnings) → SE tax = $3,879 × 0.153 = **$593** (rounded) | This amount appears nowhere on your draft, so the federal tax you computed is low. |
| **Deduction for half of SE tax** | – | Schedule 1, line 14 (above‑the‑line) | **$296** (½ × $593) | Reduces AGI. |
| **Mortgage interest** | $9,800 | Schedule A, line 8 (if you itemize) | $9,800 | Allowed, but **does not exceed the standard deduction** for a single filer, so you’ll likely take the standard deduction. |
| **Standard deduction (single)** | “Typed in” (unknown amount) | $13,850 for 2023 | $13,850 | If you used a lower figure (e.g., $12,950 for 2022) you’ll be under‑deducting. |
| **Dependent (22‑yr‑old student)** | Listed as dependent | Must satisfy age, student, support tests | **Probably NOT a qualifying child** because the student earned $18,000 and likely provided **> 50 %** of his own support. | You cannot claim a personal exemption or the Child Tax Credit for this person. |
| **Filing status** | Single | Correct if you are unmarried and do **not** qualify for Head‑of‑Household (requires a qualifying dependent you can claim). | Single | ✅ |
| **State AGI mismatch** | State return shows a different AGI than the federal 1040 | State AGI must be **identical** to the federal AGI (unless the state has specific adjustments). | Federal AGI (correct) = **$72,404** (see below) | The mismatch is almost certainly caused by the $2,400 vs. $4,200 error. |

### Re‑calculated Federal Numbers  

| Calculation | Amount |
|-------------|--------|
| **Total income** (W‑2 + freelance) | $68,500 + $4,200 = **$72,700** |
| **Half of SE tax deduction** | **$296** |
| **Adjusted Gross Income (AGI)** | $72,700 – $296 = **$72,404** |
| **Standard deduction (single, 2023)** | **$13,850** |
| **Taxable income** | $72,404 – $13,850 = **$58,554** |
| **Income tax (2023 brackets)** | 10 % of $11,000 = $1,100 <br>12 % of $33,725 = $4,047 <br>22 % of $13,829 = $3,042.38 <br>**Total = $8,189.38** |
| **Self‑employment tax** | **$593** |
| **Total federal tax liability** | $8,189.38 + $593 = **$8,782** (rounded) |
| **Estimated federal refund / amount due** | Depends on how much tax was withheld on your W‑2 and any estimated payments you made.  (We’ll need your Form W‑2 Box 2 amount to finish this.) |

### Re‑calculated State Numbers (illustrative)

*If you file in a state with a flat 5 % rate on taxable income (e.g., some Midwest states):*  

- State taxable income = Federal taxable income **$58,554** (most states start with the same figure).  
- State tax = 5 % × $58,554 = **$2,928**.  

*If your state has its own brackets (e.g., CA, NY, PA), the amount will differ, but the **starting point** (AGI $72,404) must be identical to the federal AGI.*  

---

## 3.  Guidance for Correct Form Completion  

Below is a “to‑do list” that tells you exactly **which IRS forms/schedules you need** and **where each number belongs**.

| Required Form / Schedule | What goes on it | Where the amount appears on Form 1040 |
|---------------------------|----------------|---------------------------------------|
| **Form 1040** | – Line 1: **W‑2 wages** $68,500 <br>– Schedule 1, line 3 (Business income) = **$4,200** (net profit from Schedule C) <br>– Schedule 1, line 14 = **$296** (deduction for half SE tax) <br>– Line 8 (Other income) = $4,200 (carried from Schedule 1) <br>– Line 10 (Adjusted Gross Income) = **$72,404** <br>– Line 12 (Standard deduction) = **$13,850** <br>– Line 15 (Taxable income) = **$58,554** <br>– Line 23 (Self‑employment tax) = **$593** (from Schedule SE) <br>– Line 24 (Total tax) = **$8,782** (income tax + SE tax) | All numbers flow automatically when you attach the schedules. |
| **Schedule C** (Profit or Loss from Business) | – Part I, line 1: Gross receipts = **$4,200** <br>– Part II, line 31: Net profit = **$4,200** (assuming no expenses).  If you have deductible business expenses (home‑office, supplies, internet, mileage, etc.) list them; they will lower the net profit and thus the SE tax. | Net profit goes to Schedule 1, line 3. |
| **Schedule SE** (Self‑Employment Tax) | – Line 2: Net earnings from self‑employment = **$3,879** (92.35 % of $4,200). <br>– Line 4: Multiply by 15.3 % → **$593**. <br>– Line 10: Half of SE tax = **$296** (deduction on Schedule 1). | The total SE tax ($593) is entered on Form 1040, line 23. |
| **Schedule 1** (Additional Income & Adjustments) | – Line 3: Business income (from Schedule C) = **$4,200** <br>– Line 14: Deduction for half SE tax = **$296** | Contributes to AGI on Form 1040, line 10. |
| **Schedule A** (Itemized Deductions) – *optional* | – Line 8: Mortgage interest = **$9,800** <br>– No other deductible items listed. | Because $9,800 < $13,850, you should **not** file Schedule A; instead, claim the standard deduction on Form 1040, line 12. |
| **State return** | – Use the same **AGI** ($72,404). <br>– Enter the **same taxable income** ($58,554) unless your state provides additional adjustments (e.g., state‑specific deductions). <br>– Compute tax using your state’s tables/rates. | Ensure the AGI on the state return matches the federal AGI line 10 exactly. |

### How to Fix the Errors You Already Made  

1. **Correct the freelance income**  
   * Delete the $2,400 entry on Form 1040.  
   * Complete Schedule C with $4,200 gross receipts, calculate net profit $4,200, and attach it.  

2. **Add Schedule SE**  
   * Compute SE tax as shown above ($593) and attach Schedule SE.  
   * The “half‑SE‑tax” deduction ($296) goes on Schedule 1, line 14.  

3. **Re‑calculate AGI**  
   * After adding the half‑SE deduction, AGI becomes $72,404.  

4. **Standard vs. Itemized**  
   * Because your mortgage interest ($9,800) is **less** than the standard deduction for a single filer, **do not file Schedule A**.  Change line 12 on the 1040 to $13,850.  

5. **Dependent**  
   * Remove the 22‑year‑old from the “dependents” section unless you can prove he **did not** provide more than half of his own support.  If you cannot, delete him; you will lose the $0 personal exemption (the exemption is already eliminated by the TCJA, but you also lose any dependent‑related credits).  

6. **State return**  
   * Replace the AGI on the state return with $72,404.  Re‑run the state tax worksheet so the liability matches the corrected numbers.  

---

## 4.  Answers to Your Specific Questions & Preventative Advice  

### a) **Can I legally claim the 22‑year‑old as a dependent?**  
* **Age & Student Test:** He is under 24 and a full‑time college student → passes.  
* **Support Test:** He earned $18,000.  If his total support (food, housing, transportation, etc.) for the year was **more than $9,000**, then he **provided more than half** of his own support, and you **cannot** claim him.  Most students who earn $18k cover their own living expenses, so the support test most likely fails.  
* **Result:** **Do not claim** him unless you have documentation (receipts, bank statements) showing that you paid **more than half** of his total support.  

### b) **Why do my federal and state figures differ?**  
* The **state AGI must be identical** to the federal AGI.  Any discrepancy is usually caused by an error on the federal side (e.g., the $2,400 vs. $4,200 freelance income).  
* After the AGI is aligned, the **state tax** will differ because each state uses its own **tax rates, brackets, credits, and deductions**.  For example, California’s top marginal rate is 13.3 % while the federal top rate for your income is 22 %; New York has a separate “NYC tax,” etc.  

### c) **Should I itemize or take the standard deduction?**  
* **Standard deduction for single (2023) = $13,850.**  
* Your only itemizable expense is mortgage interest ($9,800).  Since $9,800 < $13,850, you **should take the standard deduction**.  
* If you acquire additional deductible items next year (e.g., charitable contributions, large medical expenses > 7.5 % of AGI, state and local taxes (SALT) up to $10,000), you can re‑evaluate.  

### d) **How can I avoid similar issues next year?**  

| Area | Practical tip |
|------|----------------|
| **Self‑employment reporting** | Keep a **separate ledger** (Excel, QuickBooks, or a simple spreadsheet).  Record every 1099‑NEC, every invoice, and every business expense.  At year‑end, total the gross receipts and subtract documented expenses on Schedule C. |
| **Estimated tax payments** | Self‑employment tax plus ordinary income tax can easily exceed $1,000.  If you expect to owe **$1,000 or more** after subtracting withholding, you must make **quarterly estimated payments** (Form 1040‑ES).  Use the “safe harbor” rule: pay 90 % of this year’s tax or 100 % of last year’s tax (110 % if your AGI > $150,000). |
| **Withholding adjustments** | You can increase the amount withheld from your W‑2 by filing a new **Form W‑4** with your employer.  Use the IRS Tax Withholding Estimator to see how many extra dollars per paycheck will cover your SE tax. |
| **Mortgage interest & other deductions** | Keep the **Form 1098** from your lender.  If you ever refinance or have a second mortgage, the interest limit may change (interest on up to $750k of acquisition debt is deductible). |
| **Dependent documentation** | If you ever claim a dependent, keep **school enrollment verification**, **receipts for food/room**, and **a written record of who paid what**.  This makes the support test easy to prove if the IRS ever asks. |
| **Record‑keeping** | Store all tax documents (W‑2, 1099‑NEC, 1098, receipts) for **at least 3 years** (the IRS can audit up to 3 years after filing; 6 years if you under‑report > 25 %).  Digital scans are fine as long as they are legible. |
| **Software or professional help** | Using reputable tax software (TurboTax, H&R Block, TaxAct) will automatically generate Schedule C, SE, and the correct AGI.  If your situation gets more complex (multiple gigs, home‑office deduction, depreciation), a **CPA or Enrolled Agent** can save you money and ensure compliance. |

### e) **What forms do I need for next year if my freelance income stays about the same?**  

| Situation | Forms Needed |
|-----------|--------------|
| **W‑2 only** | Form 1040, Schedule A only if you itemize. |
| **W‑2 + $4,200 freelance (no expenses)** | Form 1040, **Schedule C**, **Schedule SE**, **Schedule 1** (automatically generated by most software). |
| **Freelance with deductible expenses** | Same as above, plus fill out **Part II** of Schedule C (list each expense). |
| **If you start a home‑office deduction** | Complete **Form 8829** (Home Office Deduction) and attach to Schedule C. |
| **If you have qualified retirement contributions (SEP‑IRA, Solo‑401(k))** | File **Form SEP‑IRA** or **Form 5500‑SE** as appropriate; the contribution reduces your AGI. |

---

### Bottom Line – What You Must Do Right Now  

1. **Delete the $2,400 freelance entry** on the 1040.  
2. **Complete Schedule C** with $4,200 gross receipts → net profit $4,200.  
3. **Complete Schedule SE** → $593 SE tax; put $296 on Schedule 1, line 14.  
4. **Re‑calculate AGI** → $72,404.  
5. **Enter the correct standard deduction** ($13,850) on line 12.  
6. **Remove the 22‑year‑old from the dependent section** unless you can prove you paid > 50 % of his support.  
7. **Update the state return** with the corrected AGI and recompute the state tax.  

Once those changes are made, the federal and state returns will line up, and you’ll have an accurate estimate of the tax you owe (≈ $8,800 federal plus whatever your state liability is).  

Feel free to send me a copy of the revised worksheets or any additional documents (e.g., your Form W‑2 Box 2 withholding amount, any business expense receipts, or your state’s tax tables) and I’ll double‑check the final numbers for you.  

**I’m here to make sure everything is filed correctly and to keep you from over‑paying or getting an audit notice.** Let me know if you’d like me to prepare the final returns for you, or if you have any other questions!",GPT-OSS-120B,openai/gpt-oss-120b,GPT-OSS-120B,4,3.1333333333333333,0.29814239699997175,0.7333333333333333,0.03726779962499654,17.6,0.8944271909999161,24.0,5
0,"Of course. Let's carefully review your situation. Thank you for bringing this to me; it's a very common scenario and we can absolutely get it sorted out correctly.

***

### **1. Explanation of Applicable Federal & State Tax Rules**

*   **Self-Employment Income (1099-NEC):** This is not regular W-2 income. The IRS considers this self-employment income. It must be reported on **Schedule C (Profit or Loss from Business)** to calculate your net profit. This profit is then subject to self-employment tax (Social Security and Medicare), which is calculated on **Schedule SE**. You pay both the employee and employer portions of this tax (15.3% total), though you get to deduct the employer portion when calculating your income tax.
*   **Deductibility of Mortgage Interest:** For a federal return filed as ""Single,"" mortgage interest is only deductible if you **itemize your deductions** on **Schedule A**. You cannot take the standard deduction *and* deduct mortgage interest. The benefit of itemizing must exceed the standard deduction to be worthwhile.
*   **Who Qualifies as a Dependent:** The IRS has specific tests. For your 22-year-old college student:
    *   **Relationship:** Your child (or stepchild, etc.) - **Likely YES.**
    *   **Age:** Under 19, or under 24 if a full-time student - **YES (22 and in college).**
    *   **Residency:** Must have lived with you for more than half the year (exceptions for education) - **We need to confirm this.**
    *   **Support:** You must have provided **more than half** of their total support for the year. Their $18,000 in earnings complicates this. We must calculate their total support (rent, food, education, car, etc.) and compare what you paid versus what they paid. **This is the critical test.**
*   **Standard Deduction for ""Single"" Status:** For the 2023 tax year, the standard deduction for a Single filer is **$13,850**. This is a fixed amount that reduces your taxable income.

### **2. Review of Your Forms and Accuracy Check**

I've identified several significant errors in the pre-filled information you provided.

*   **Error 1: Freelance Income Underreported.** Your 1099-NEC shows $4,200, but only $2,400 is entered on the 1040. The **entire $4,200** must be reported as income. The discrepancy suggests someone may have mistakenly only entered a portion of it.
*   **Error 2: Standard Deduction with Mortgage Interest.** The form shows a standard deduction on Line 12. However, you also listed mortgage interest. You cannot take both. We must calculate whether itemizing ($9,800 in mortgage interest plus any state taxes paid, charitable contributions, etc.) is greater than your standard deduction ($13,850). Based on the info provided, your itemized deductions would be less than the standard deduction, so you should **not** be deducting the mortgage interest on your federal return.
*   **Error 3: Dependent Claim May Be Incorrect.** As explained above, the dependent claim hinges on the support test. With $18,000 of their own income, it is very possible they provided more than half of their own support, which would mean you **cannot** claim them as a dependent. We need to work through this calculation.
*   **Error 4: State/Federal Mismatch.** It's common for state tax computations to differ from federal. States often have their own rules for deductions, exemptions, and tax rates. They may not allow the same standard deduction or may tax certain types of income differently. This is normal, but we must ensure both are calculated correctly based on their respective rules.

**Recalculation of Key Federal Figures:**

*   **Total Income:** W-2 ($68,500) + Corrected 1099-NEC ($4,200) = **$72,700**
*   **Adjustments to Income:** None apparent. Adjusted Gross Income (AGI) = **$72,700**
*   **Deductions:** Since your potential itemized deductions (~$9,800) are less than the standard deduction ($13,850), you should take the **Standard Deduction: $13,850**
*   **Taxable Income:** AGI ($72,700) - Standard Deduction ($13,850) = **$58,850**
*   **Income Tax:** For a Single filer in 2023 on $58,850, the tax is approximately **$8,272** (using the IRS tax brackets).
*   **Self-Employment Tax:** Net profit from Schedule C is $4,200. SE Tax = $4,200 * 92.35% * 15.3% = **$594**.
*   **Total Tax Liability:** Income Tax ($8,272) + SE Tax ($594) = **$8,866**

### **3. Guidance for Correct Form Completion**

Here is exactly what you need to do to correct your return.

**Required Forms & Schedules:**
*   **Schedule C:** Report the full $4,200 freelance income on Line 1. Since you likely had some expenses (supplies, home office, mileage?), this amount may be reduced to your net profit. If you have no expenses, net profit is $4,200 (Line 31). This net profit flows to Schedule 1, Line 3, and then to your 1040, Line 8.
*   **Schedule SE:** You must complete this to calculate the self-employment tax of ~$594. The result flows to Schedule 2, Line 4, and then to your 1040, Line 23.
*   **Schedule A (Itemized Deductions):** You should **not** file this schedule. Your itemizable deductions are lower than the standard deduction.
*   **Form 1040:** The freelance income on Line 8 must be corrected to $4,200. Line 12 should show the standard deduction of $13,850.

**Correction Steps:**
1.  Remove the mortgage interest deduction from your federal return.
2.  Completely remove the $2,400 entry and replace it with the correct $4,200 from the 1099-NEC.
3.  Complete Schedule C and Schedule SE as described.
4.  Recalculate your tax based on the corrected taxable income of $58,850.

### **4. Answers to Your Questions and Preventative Advice**

*   **Can I claim my 22-year-old as a dependent?** **We must calculate this.** List everything that contributed to their support in 2023: tuition, housing, food, car insurance, health insurance, phone bill, etc. Compare the total value of what **you paid** to the total value of what **they paid** (from their $18,000 earnings). If you provided more than 50% of the total support, you can claim them. If not, you cannot. This is crucial, as claiming them incorrectly would be an error.
*   **Why do my state and federal figures differ?** This is normal. Your state has its own tax law. It might have a different standard deduction, might not tax freelance income the same way, or might not allow the same exemptions. We will prepare an accurate state return based on your state's specific rules once the federal return is correct.
*   **How to avoid this next year?**
    *   **Estimated Tax Payments:** Since no tax is withheld from your freelance income, the IRS requires you to make quarterly estimated tax payments to avoid an underpayment penalty. I can help you calculate these payments for 2024.
    *   **Better Recordkeeping:** Keep a separate folder for your freelance business. Track all income (every 1099 and any cash payments) and **all business-related expenses** (mileage, software, home office percentage, internet, etc.). These expenses reduce your self-employment tax and income tax.
    *   **Use a Tax Professional Early:** Consulting with a preparer before the tax year ends allows for strategic planning (e.g., making an IRA contribution to lower your AGI, making estimated payments, etc.).

Let's schedule a brief follow-up to finalize the dependent support calculation and then we can correctly complete both your federal and state returns. Please gather those support details for your child.",DeepSeek-V3.1,deepseek-ai/DeepSeek-V3.1,DeepSeek-V3.1,1,5.033333333333333,0.07453559924999344,0.5,0.0,12.0,0.0,24.0,5
0,"Below is a line‐by‐line review and corrected approach as if I were preparing your return. I’ve broken it into the four areas you requested.

1. Applicable Federal & State Tax Rules  
   A. Self-employment (“1099-NEC”) income  
     • Any non-employee compensation (Form 1099-NEC) is reported on Schedule C, line 1.  
     • Net profit (1099-NEC less any business expenses) flows to Schedule 1, line 3 of Form 1040.  
     • You then calculate self-employment tax on Schedule SE. 92.35% of your net profit is subject to 15.3% SE tax. Half of that SE tax is deductible on Schedule 1, line 15, which reduces your AGI.  
   B. Mortgage interest  
     • Mortgage interest of $9,800 is an itemized deduction on Schedule A, line 8b.  
     • You can only claim it if your total itemized deductions exceed your standard deduction. Otherwise you take the standard deduction and omit Schedule A.  
   C. Dependents under IRS rules  
     • A “Qualifying Child” must:  
       – Be your son, daughter (or certain relatives) under age 19 at year-end (or under age 24 if a full-time student)  
       – Have lived with you > half the year  
       – Have not provided >50% of their own support  
     • Your 22-year-old college student earned $18,000. That income almost certainly paid >50% of her support (tuition, room & board, living expenses). She does not qualify as your dependent.  
   D. Standard deduction for Single filers (Tax Year 2022)  
     • $12,950. (For TY 2023 it’s $13,850.)  

2. Review of Your Forms & Calculations  
   A. Income entries  
     • W-2 wages: $68,500 – correct.  
     • 1099-NEC income: you reported $2,400 but the correct gross is $4,200 per your 1099. You’re underreporting by $1,800.  
   B. Self-Employment Tax & AGI  
     1. Net self-employment income = $4,200 (no expenses reported).  
     2. SE tax: $4,200 × 92.35% = $3,876; × 15.3% = $593.43 total SE tax.  
     3. Deduction for half SE tax = $593.43 ÷ 2 = $296.72 (Schedule 1, line 15).  
     4. AGI = $68,500 + $4,200 – $296.72 = $72,403.28  
   C. Dependents & Exemptions  
     • You listed one dependent—remove her. This increases your taxable income by eliminating any dependent exemption or credits you’d claimed.  
   D. Deductions & Taxable Income  
     • Mortgage interest $9,800 vs. standard $12,950 → itemizing yields less than standard. You should take the standard deduction of $12,950.  
     • Taxable income = $72,403.28 – $12,950 = $59,453.28  
   E. Federal tax  
     • Using the 2022 Single tax-rate schedule, tax on $59,453 ≈ $8,768 (this is an estimate—you’ll use the exact table).  
     • Add self-employment tax $593.43 = total federal liability ≈ $9,361.  
     • Subtract any withholding (from your W-2) to arrive at amount owed/refund.  
   F. State tax discrepancy  
     • Your state liability didn’t match because you likely carried forward the wrong AGI (omitted $1,800 of 1099 income) or kept the dependent. Once AGI and exemptions are corrected, the state computation will align.  

3. Forms, Schedules & Corrections Needed  
   A. Forms you must attach  
     • Schedule C (Profit or Loss from Business)  
         – Line 1: $4,200  
         – Expenses: enter any business costs (e.g., home office, supplies) if you have them.  
     • Schedule SE (Self-Employment Tax)  
         – Part I to compute $593.43 SE tax.  
     • Schedule 1 (Additional Income and Adjustments)  
         – Line 3: $4,200  
         – Line 15: –$296.72 (half SE tax)  
     • Schedule A only if itemizing (you won’t in this case).  
   B. Corrections to Form 1040  
     – Line 1: W-2 $68,500 (no change)  
     – Line 8: other income $4,200 instead of $2,400  
     – Line 12: standard deduction $12,950 (verify TY)  
     – Remove dependent on page 1, Column 3  
     – Recalculate AGI, taxable income, tax.  
   C. State return  
     – Update AGI to match federal.  
     – Remove dependent exemption (if state decouples from federal).  
     – Recompute itemized vs. standard per state rules.  

4. Q&A and Preventative Advice  
   Q1: Can I legally claim my 22-year-old student?  
     A1: No. She earned enough to provide over half her support, so she isn’t your dependent.  
   Q2: Why do my federal and state numbers differ?  
     A2: Because you under-reported 1099 income and claimed an ineligible dependent. Once those are corrected, both AGIs will match (states start with federal AGI) and your state tax liability will recalculate correctly.  
   Q3: How can I avoid this next year?  
     – Keep a running log of 1099s and any cash/PayPal payments. Don’t omit small invoices.  
     – Track business expenses contemporaneously (software, mileage log, office supplies).  
     – Review dependency and support tests before claiming anyone.  
     – If you expect to owe >$1,000 in combined tax and SE tax, make quarterly estimated payments using Form 1040-ES.  
     – At year-end, do a “trial” computation against your pay stubs and 1099s so you can adjust withholding or estimates.  

Please implement the form corrections above, attach the required schedules, and you’ll have an accurate, audit-ready return. Let me know if you’d like me to prepare the amended forms or walk through the state-specific schedules in more detail.",GPT-O4-Mini,o4-mini-2025-04-16,GPT-O4-Mini,2,5.966666666666667,0.07453559924999344,0.38333333333333336,0.01863389981249827,9.2,0.44721359549995804,24.0,5
0,"Below is a detailed explanation and review of your situation, including the tax laws that apply, an analysis of the numbers you provided, recommendations for the proper forms and entries you’ll need on both federal and state returns, and some advice to help prevent problems in the future.

──────────────────────────────
1. Federal & State Tax Rules That Apply

• Self‐Employment Income Reporting
 – Federal law requires that all income you receive from freelance or contract work be reported. Because you received a 1099‑NEC showing $4,200, you must report the full amount, not a lower figure.
 – This income is normally reported on Schedule C (Profit or Loss from Business). Once you determine your net profit (gross income minus any business expenses), you must also calculate and pay self‑employment tax via Schedule SE.
 – States typically start with your federal adjusted gross income (AGI) and then apply any state-specific modifications. An error on your federal return, such as an incorrect freelance income entry, will affect your state AGI and the resulting tax calculation.

• Deductibility of Mortgage Interest
 – Mortgage interest is deductible as an itemized deduction on Schedule A (Itemized Deductions). You must have a valid mortgage on a qualified residence, and the interest is deductible only if you choose to itemize.
 – IMPORTANT: You must compare your total itemized deductions (including things like property taxes, charitable contributions, etc.) to the standard deduction. In many cases (especially if mortgage interest is your only sizable itemized expense), the standard deduction yields a higher deduction.
 – For a Single filer, the standard deduction for the applicable tax year (for example, $13,850 in 2023 or $12,950 in 2022) should be confirmed with the current IRS guidance.

• Qualifying as a Dependent
 – IRS rules for a qualifying child include age, residency, relationship, and support tests. A full‑time student under age 24 can be a qualifying child if they meet the other requirements. However, one crucial element is that the parent must provide more than half of the child’s total support.
 – In your case, your 22‑year‑old college student earned $18,000. If that income means the student provided more than half of their own support, then IRS rules would likely disqualify the student from being claimed as your dependent.
 – Alternatively, if you were considering claiming them as a “qualifying relative,” the dependent’s gross income must be below a certain threshold (about $4,400 for many recent tax years), so again an $18,000 income would disqualify them.

• Correct Standard Deduction for Single Filers
 – For Single filers the standard deduction for the relevant tax year must be used if you’re not itemizing. For example, if the tax year is 2023, the standard deduction is $13,850; if it’s 2022, it’s $12,950. (Always verify with IRS instructions from the right year.)
 – The pre‑printed standard deduction on your Form 1040 must reflect the correct amount; if it doesn’t, then that needs to be corrected.

──────────────────────────────
2. Reviewing Your Forms: Spotting Inaccuracies and Recalculating

a. Income Reporting Issues
 – W‑2 Income: You’ve reported $68,500 which appears correct.
 – Freelance/Contract Income: Your 1099‑NEC shows $4,200, but your pre‑printed Form 1040 only shows $2,400. This is a clear arithmetic/data entry error and will cause your AGI (and consequently your tax liability) to be too low. The correct independent contractor income of $4,200 must be used when calculating net income on Schedule C.
 – Therefore, your total income should be 68,500 + 4,200 = $72,700 (before any adjustments such as business expenses on Schedule C).

b. Mortgage Interest
 – You reported $9,800 in mortgage interest. If this is your only deductible expense, compare it against your standard deduction. In this case, whether you itemize or take the standard deduction, you’ll likely want to take the standard deduction since $9,800 is significantly less than $12,950 (or $13,850, depending on the tax year).

c. State Tax Return Mismatch
 – Your state return shows a tax liability computed from an AGI that does not match the federal AGI. This discrepancy likely stems from the under‐reporting of your freelance income. Since many state returns start with the federal AGI before state adjustments, it is essential to correct your AGI on your federal return first.

d. Dependent Eligibility
 – Based on the IRS tests, since your 22‑year‑old full‑time student earned $18,000, it appears they likely provided more than half of their own support. This means you cannot legally claim them as a dependent. Verify your support numbers, but based solely on the income level, it is generally not advisable to list them as a dependent.

──────────────────────────────
3. Guidance for Correct Form Completion

Forms and Schedules You Need:
 • Schedule C (Profit or Loss from Business):
  – Report your $4,200 freelance/contract income – not $2,400 – along with any applicable business expenses.
 • Schedule SE (Self‑Employment Tax):
  – Use the net income reported on Schedule C to calculate your self‑employment tax.
 • Form 1040:
  – Correct the total income/wages. Incorporate the correct freelance income and then recalculate your AGI accordingly. Make any necessary line adjustments.
 • Schedule A (Itemized Deductions):
  – Enter the mortgage interest paid ($9,800) here if you decide to itemize. However, compare your total itemized deductions to the standard deduction.
 • State Tax Form:
  – Once you correct the federal AGI, you should update your state return accordingly. In many states, the starting point is your federal AGI, so the right adjustments will help reconcile the tax liability differences.

What to Do and Where:
 – Freelance income must be entered on Schedule C (and its net result flows to Form 1040) and Schedule SE for calculating self‑employment tax.
 – Mortgage interest should be reported on Schedule A only if you choose to itemize. In your situation, because your mortgage interest ($9,800) is lower than the standard deduction likely available to a Single filer, you should take the standard deduction.
 – Remove your 22‑year‑old as a dependent on your return because based on their earnings (and likely self‑support), they do not meet the IRS dependent tests.
 – Finally, double‑check all arithmetic – correct the freelance income entry from $2,400 to $4,200, recalculate your sum-of-wages, AGI, and compare that value with your state’s starting figure. Correcting these entries should synchronize your AGI with your state return.

──────────────────────────────
4. Answering Your Questions & Preventative Advice

• Can You Legally Claim Your 22‑Year‑Old College Student as a Dependent?
 – Unfortunately, because your student earned $18,000, it is likely they provided more than half of their own support. As a result, they would not meet the IRS support test for a qualifying child.
 – Double‑check the support and residency tests, but with that income level they would generally be considered independent and not qualifying for your exemption.

• Why Might My Federal and State Figures Differ?
 – State returns often start with your federal AGI and then make state‑specific adjustments. In your case, the misreported freelance income has resulted in an incorrect federal AGI. This difference has led to a mismatch on your state form.
 – Once you correct the federal income numbers (and any associated calculations on your federal return), your state AGI should also update and become more accurate.

• How Will I Avoid Similar Issues Next Year?
 – Keep organized records and confirm all income slips when they arrive (W‑2s and 1099s).
 – Consider using tax software or working with a tax professional during the year to maintain estimated tax records, especially if you have self‑employment income.
 – Perform a reconciliation of what the 1099s report versus what you enter on your return.
 – Maintain a clear record of your receipts and expenses. For freelance work, tracking income and deductible expenses meticulously through the year will minimize errors.
 – Lastly, review the eligibility tests for dependents well in advance of filing each tax year.

• Other Recommendations:
 – Make quarterly estimated tax payments if you continue earning self‑employment income so that you don’t face a large tax bill (or underpayment penalty) at year‑end.
 – Keep both digital and hard copies of your financial records, receipts, and correspondence with your clients to support your claimed deductions.

──────────────────────────────
Conclusion

To summarize:
 1. Correct the freelance income on Schedule C to reflect $4,200 rather than $2,400.
 2. Use Schedule SE to cover self‑employment tax on the net income from your freelance work.
 3. Compare your itemized deductions (which would at this point mostly be your $9,800 mortgage interest) with the correct standard deduction for Single filers and likely take the standard deduction.
 4. Do not claim your 22‑year‑old full‑time student as a dependent because their earnings indicate that they likely provided more than half of their support.
 5. Reconcile and update your federal AGI, which will help align your state tax return figures.

Following these steps and suggestions will help ensure that your federal and state returns are accurate, compliant, and complete. Please let me know if you have additional questions or need further clarification on any step.",GPT-O3-Mini,o3-mini-2025-01-31,GPT-O3-Mini,3,7.0,0.0,0.25,0.0,6.0,0.0,24.0,5
0,"As a professional tax preparer, I'll review your information and provide guidance on your tax situation. Let's go through this step-by-step:

1. Explanation of Applicable Federal & State Tax Rules:

a) Self-employment income: All income from freelance/contract work must be reported on Schedule C, even if under $600. You'll also need to pay self-employment tax using Schedule SE if net earnings exceed $400.

b) Mortgage interest: This is deductible on Schedule A if you itemize deductions. However, it's only beneficial if your total itemized deductions exceed the standard deduction.

c) Dependent qualifications: For a 22-year-old full-time student to qualify as your dependent, they must:
   - Be under 24 at the end of the tax year
   - Have lived with you for more than half the year (temporary absences for education count as time lived with you)
   - Not have provided more than half of their own support
   - Be a U.S. citizen, resident alien, or national

d) Standard deduction: For 2022, the standard deduction for a single filer is $12,950.

2. Review of Forms and Accuracy Check:

I've identified several issues:

a) The freelance income on Form 1040 ($2,400) doesn't match the 1099-NEC amount ($4,200). This needs correction.

b) The standard deduction amount pre-filled may be incorrect if it's not $12,950.

c) The state tax liability doesn't match the AGI shown. This needs recalculation.

Recalculation:
- Total Income: $68,500 (W-2) + $4,200 (1099-NEC) = $72,700
- AGI: $72,700 (assuming no adjustments)
- Taxable Income: $72,700 - $12,950 (standard deduction) = $59,750

Federal tax and state tax would need to be calculated based on the correct taxable income.

3. Guidance for Correct Form Completion:

You'll need:
- Form 1040
- Schedule C (for freelance income)
- Schedule SE (for self-employment tax)

Corrections:
a) On Schedule C, report the full $4,200 freelance income.
b) Complete Schedule SE using the net profit from Schedule C.
c) On Form 1040:
   - Enter the correct W-2 income on Line 1
   - Enter Schedule C profit on Line 3
   - Enter self-employment tax on Line 15
   - Use the correct standard deduction ($12,950) on Line 12

For your situation, the standard deduction ($12,950) is likely more beneficial than itemizing, as your mortgage interest ($9,800) alone doesn't exceed it.

4. Client Questions and Preventative Advice:

a) Dependent claim: Based on the information provided, you may be able to claim your 22-year-old as a dependent if they meet all other criteria, including not providing more than half of their own support.

b) Federal vs. State differences: State tax calculations often differ from federal due to varying deductions, credits, and tax rates. Ensure you're using state-specific forms and guidelines.

c) Preventing future issues:
   - Keep accurate records of all income, including small freelance jobs.
   - Consider making estimated tax payments for freelance income to avoid underpayment penalties.
   - Track all potential deductions throughout the year.

d) Recordkeeping advice:
   - Maintain a separate business account for freelance income and expenses.
   - Keep all 1099 forms, receipts, and documentation of business expenses.
   - Log business mileage if applicable.

e) Estimated tax payments: If your freelance work continues or increases, consider making quarterly estimated tax payments to avoid penalties.

Remember, accuracy in reporting all income is crucial. In the future, double-check all entries and calculations before submitting your returns. If you have any more questions or need further clarification, please don't hesitate to ask.",Claude-3.5-Sonnet,anthropic.claude-3-5-sonnet-20240620-v1:0,Claude-3.5-Sonnet,5,8.0,0.0,0.125,0.0,3.0,0.0,24.0,5
0,"Dear Client,

Thank you for trusting me with your tax preparation. I have reviewed the partially completed federal and state tax returns you brought in, along with your W-2, 1099-NEC, and mortgage documents. 

As a tax professional, my goal is to ensure your returns are 100% accurate, legally compliant, and optimized to minimize your tax liability.",Gemini-3.1-Pro,gemini-3.1-pro-preview,Gemini-3.1-Pro,8,9.0,0.0,0.0,0.0,0.0,0.0,24.0,5
