replicate_id,output,condition,assistant_model,worker_model,model_id,model_label,scaffold_path,scaffold_sha256,scaffold_text,item_id,total_wins,total_games,avg_win_rate,avg_rank,std_rank,std_win_rate,judge_model,judge_label
0,"Day 1:
- Breakfast: Scrambled eggs with spinach and tomatoes
- Lunch: Grilled chicken salad with avocado and lime dressing
- Dinner: Beef stir-fry with broccoli and bell peppers, served with jasmine rice
- Snack: Mixed nuts and fruit
- Grocery List: Eggs, spinach, tomatoes, chicken breast, avocado, lime, beef, broccoli, bell peppers, jasmine rice, mixed nuts, fruit

Day 2:
- Breakfast: Oatmeal with almond milk, berries, and nuts
- Lunch: Turkey lettuce wraps with cucumber and mint
- Dinner: Baked salmon with quinoa and roasted vegetables
- Snack: Rice cakes with almond butter
- Grocery List: Oats, almond milk, berries, nuts, turkey breast, lettuce, cucumber, mint, salmon, quinoa, vegetables, rice cakes, almond butter

Day 3:
- Breakfast: Smoothie with banana, almond milk, and protein powder
- Lunch: Shrimp-free shrimp tacos with mango salsa
- Dinner: Chicken curry with cauliflower rice
- Snack: Veggie sticks with hummus
- Grocery List: Banana, almond milk, protein powder, shrimp alternative, taco shells, mango, chicken breast, curry paste, cauliflower, veggies, hummus

Day 4:
- Breakfast: Greek yogurt with honey and granola (dairy-free)
- Lunch: Beef and potato stew with herbs
- Dinner: Thai green curry with tofu and jasmine rice
- Snack: Rice crackers with guacamole
- Grocery List: Dairy-free yogurt, honey, granola, beef, potatoes, herbs, Thai green curry paste, tofu, jasmine rice, rice crackers, avocado

Day 5:
- Breakfast: Chia seed pudding with coconut milk and berries
- Lunch: Turkey and quinoa salad with lemon vinaigrette
- Dinner: Lentil dal with basmati rice
- Snack: Popcorn with nutritional yeast
- Grocery List: Chia seeds, coconut milk, berries, turkey breast, quinoa, lemon, lentils, basmati rice, popcorn, nutritional yeast

Day 6:
- Breakfast: Breakfast burrito with scrambled eggs, black beans, and salsa
- Lunch: Tuna salad with mixed greens and balsamic vinaigrette
- Dinner: Chickpea curry with naan bread
- Snack: Apple slices with almond butter
- Grocery List: Eggs, black beans, salsa, tuna, mixed greens, balsamic vinaigrette, chickpeas, curry paste, naan bread, apple, almond butter

Day 7:
- Breakfast: Pancakes made with gluten-free flour and topped with maple syrup
- Lunch: Chicken and vegetable stir-fry with soy sauce
- Dinner: Spicy lentil soup with crusty bread
- Snack: Trail mix with dried fruit and seeds
- Grocery List: Gluten-free flour, maple syrup, chicken breast, veggies, soy sauce, lentils, spices, crusty bread, trail mix ingredients

Prep Notes:
- Pre-cook grains like rice and quinoa in bulk for easy meal assembly.
- Wash and chop vegetables in advance for quick cooking.
- Prepare snacks in portioned containers for easy grab-and-go options.",scaffold_GPT-O3-Mini,GPT-O3-Mini,gpt-3.5-turbo,o3-mini-2025-01-31,GPT-O3-Mini,/Users/kennywongchamcharoen/Downloads/centaur-benchmark-code/results/meal_plan/20260610_scaffold_strict_v4/augmentation/scaffolds/GPT-O3-Mini.md,9995b1031e003739166fcebfd5f749dd8cddd9f659530b2d7d6f95c7f0265e22,"Assistant Guidance: Three-Phase Workflow

1. Requirements Check
• Begin by thoroughly reviewing the provided task details and identifying all hard constraints and specific conditions. 
• List out key requirements such as dietary allergies, flavor preferences, and ingredient exclusions. 
• Ensure all restrictions, including flavor guidelines and preparation simplicity, are clearly captured.
• Verify that any regulatory or common dietary considerations are noted without delving into specifics.

2. Plan & Structure
• Develop a high-level outline that organizes the overall approach into separate sections (e.g., daily meals, snack options, grocery list, and prep notes).
• Define how to structure each day’s entry, ensuring consistency across the seven-day framework.
• Establish placeholders for major components such as breakfast, lunch, dinner, and snacks, and plan for segmented notes on grocery and prep.
• Identify where to incorporate checks for flavor intensity, seasoning adjustments, and allergen avoidance, ensuring the plan remains flexible.

3. Draft -> Self-Review -> Finalize
• Begin by drafting an outline that mirrors the planned structure, keeping all constraints in focus.
• Conduct a self-review to compare the draft against the initial requirements checklist, making sure every instruction and restriction is addressed in a skeletal form.
• Finalize the outline by refining transitions",3,7,8,0.875,1.5,,,google/gemini-3.1-pro,Gemini-3.1-Pro
0,"Day 1:
Breakfast: Scrambled eggs with spinach and tomatoes
Lunch: Grilled chicken salad with mixed greens and avocado
Dinner: Beef stir-fry with bell peppers and broccoli, served over jasmine rice
Snack: Sliced cucumber with hummus

Day 2:
Breakfast: Greek yogurt with honey and mixed berries
Lunch: Turkey lettuce wraps with avocado and salsa
Dinner: Baked salmon with lemon and herbs, served with roasted sweet potatoes
Snack: Rice cakes with almond butter

Day 3:
Breakfast: Oatmeal with almond milk, cinnamon, and sliced bananas
Lunch: Quinoa salad with roasted vegetables and grilled chicken
Dinner: Chicken curry with coconut milk and vegetables, served over basmati rice
Snack: Carrot sticks with guacamole

Day 4:
Breakfast: Smoothie with spinach, banana, almond milk, and protein powder
Lunch: Turkey and vegetable stir-fry with cashews
Dinner: Beef tacos with corn tortillas, lettuce, and salsa
Snack: Mixed nuts

Day 5:
Breakfast: Chia seed pudding with almond milk and berries
Lunch: Thai chicken soup with coconut milk and lemongrass
Dinner: Grilled steak with chimichurri sauce, served with roasted potatoes
Snack: Apple slices with almond butter

Day 6:
Breakfast: Scrambled tofu with bell peppers and mushrooms
Lunch: Mexican quinoa bowl with black beans, corn, and avocado
Dinner: Butter chicken with cauliflower rice
Snack: Rice crackers with hummus

Day 7:
Breakfast: Smoothie bowl with mixed berries, almond milk, and granola
Lunch: Thai peanut chicken salad with mixed greens and cucumber
Dinner: Lamb curry with potatoes, served over jasmine rice
Snack: Sliced bell peppers with guacamole

Grocery List:
- Eggs
- Spinach
- Tomatoes
- Chicken
- Mixed greens
- Avocado
- Beef
- Bell peppers
- Broccoli
- Jasmine rice
- Greek yogurt
- Berries
- Turkey
- Lettuce
- Salsa
- Salmon
- Lemon
- Sweet potatoes
- Rice cakes
- Almond butter
- Oatmeal
- Cinnamon
- Bananas
- Quinoa
- Roasted vegetables
- Cashews
- Corn tortillas
- Mixed nuts
- Chia seeds
- Protein powder
- Thai chicken soup
- Lemongrass
- Steak
- Chimichurri sauce
- Tofu
- Mushrooms
- Mexican quinoa
- Black beans
- Corn
- Butter chicken sauce
- Cauliflower rice
- Rice crackers
- Hummus
- Smoothie ingredients
- Granola
- Lamb
- Curry sauce

Prep Notes:
- Pre-cut vegetables for stir-fries and salads to save time during the week
- Cook a batch of jasmine rice and quinoa in advance for quick meal assembly
- Marinate meats for tacos and curries ahead of time for more flavor
- Have a variety of nuts and fruits on hand for easy snacking throughout the week",plain,plain,gpt-3.5-turbo,plain,plain,,,,8,7,8,0.875,1.5,,,google/gemini-3.1-pro,Gemini-3.1-Pro
0,"**Meal Plan:**

**Day 1:**
- Breakfast: Scrambled eggs with spinach and potatoes
- Lunch: Chicken and vegetable stir-fry with rice
- Dinner: Beef tacos with corn tortillas and guacamole
- Snack: Mixed nuts and fruit

**Day 2:**
- Breakfast: Omelette with mushrooms and tomatoes
- Lunch: Thai green curry with chicken and jasmine rice
- Dinner: Spiced lentil soup with naan bread
- Snack: Rice cakes with almond butter

**Day 3:**
- Breakfast: Greek yogurt with honey and berries
- Lunch: Beef and vegetable kebabs with quinoa
- Dinner: Chicken tikka masala with basmati rice
- Snack: Veggie sticks with hummus

**Day 4:**
- Breakfast: Smoothie with banana, spinach, and almond milk
- Lunch: Mexican salad with grilled chicken and avocado
- Dinner: Baked salmon with roasted sweet potatoes
- Snack: Rice crackers with tuna salad

**Day 5:**
- Breakfast: Chia pudding with mango and coconut
- Lunch: Pad Thai with tofu and peanuts
- Dinner: Lamb curry with cauliflower rice
- Snack: Apple slices with almond butter

**Day 6:**
- Breakfast: Breakfast burrito with scrambled eggs and salsa
- Lunch: Quinoa salad with roasted vegetables and feta
- Dinner: Turkey chili with cornbread
- Snack: Greek yogurt with granola

**Day 7:**
- Breakfast: Porridge with almond milk and cinnamon
- Lunch: Sushi bowl with marinated tofu and edamame
- Dinner: Spaghetti squash with turkey bolognese
- Snack: Popcorn with nutritional yeast

**Grocery List:**
- Eggs
- Chicken
- Beef
- Lentils
- Salmon
- Tuna
- Tofu
- Turkey
- Spinach
- Mushrooms
- Tomatoes
- Bell peppers
- Avocado
- Sweet potatoes
- Cauliflower
- Mango
- Berries
- Almond butter
- Coconut milk
- Quinoa
- Basmati rice
- Naan bread
- Corn tortillas
- Rice cakes
- Rice crackers
- Almond milk
- Greek yogurt
- Feta cheese
- Hummus
- Guacamole
- Salsa
- Nutritional yeast
- Mixed nuts
- Fruit
- Veggie sticks
- Popcorn
- Chia seeds
- Granola
- Smoothie ingredients
- Spices and seasonings

**Prep Notes:**
- Pre-cut vegetables for stir-fries and salads
- Cook grains and proteins in batches for easy assembly
- Marinate meats for added flavor
- Store snacks in portioned containers for grab-and-go convenience

Adjust seasonings and portion sizes to suit personal preferences. Enjoy your delicious and allergy-friendly meal plan!",scaffold_GPT-5-Mini,GPT-5-Mini,gpt-3.5-turbo,gpt-5-mini-2025-08-07,GPT-5-Mini,/Users/kennywongchamcharoen/Downloads/centaur-benchmark-code/results/meal_plan/20260610_scaffold_strict_v4/augmentation/scaffolds/GPT-5-Mini.md,bb151d452b35d047fb190a8dd433e628340e8146d35995d15f807bb62320c87e,"**Assistant Guidance: Three-Phase Workflow**

1. Requirements Check
- Read the brief carefully and extract all constraints: dietary restrictions, intolerances, flavor preferences, budget and simplicity goals, and output components required.
- Identify missing or ambiguous items to clarify (portion sizes, exact budget limit, cooking equipment available, preferred meal timing).
- Define non-negotiables to enforce during creation (items to exclude, intolerance handling, sensitivity to strong seasonings).
- Set success criteria and acceptance checks (compliance, cost threshold, ease of prep).
- Decide deliverable format and file structure (daily layout, grocery list grouping, prep notes length).

2. Plan & Structure
- Create a reusable daily template: slots for breakfast, lunch, dinner, and snacks; short prep notes and portion indicators.
- Outline high-level strategies: rotation of flavors, batch-cooking opportunities, simple swaps for allergens, and mild/adjustable seasoning notes.
- Design the grocery list format: grouped by store section, with quantity estimates and optional substitutions.
- Plan time-saving prep steps and storage guidance placeholders to fill during drafting.
- Prepare a checklist of items to flag (potential cross-contamination risks, ingredient substitutions, seasoning adjustments).

3. Draft -> Self-Review -> Finalize
- Draft all seven days using the template; fill grocery list and prep notes concurrently to keep quantities consistent.
- Perform a structured self-review using the checklist: verify all exclusions, check for clarity of prep steps, ensure seasoning is described as adjustable, confirm grocery completeness and cost-awareness, and validate variety across days.
- Iterate edits for clarity, brevity, and compliance; produce final files (meal plan, grocery list, prep notes) and add a short summary of how to adjust seasonings/portions.",1,6,8,0.75,3.0,,,google/gemini-3.1-pro,Gemini-3.1-Pro
0,"**7-Day Meal Plan**

**Day 1**  
- Breakfast: Scrambled eggs with spinach and tomatoes  
- Lunch: Chicken and vegetable stir-fry with rice  
- Dinner: Beef tacos with corn tortillas and avocado  
- Snack: Apple slices with almond butter  

**Day 2**  
- Breakfast: Greek yogurt with berries and granola (gluten-free)  
- Lunch: Thai chicken curry with jasmine rice  
- Dinner: Baked salmon with roasted sweet potatoes  
- Snack: Carrot sticks with hummus  

**Day 3**  
- Breakfast: Oatmeal with bananas and honey (gluten-free)  
- Lunch: Beef and broccoli stir-fry with quinoa  
- Dinner: Butter chicken with basmati rice  
- Snack: Rice cakes with peanut butter  

**Day 4**  
- Breakfast: Smoothie with mixed berries, spinach, and almond milk  
- Lunch: Turkey lettuce wraps with rice noodles  
- Dinner: Veggie fajitas with corn tortillas  
- Snack: Mixed nuts  

**Day 5**  
- Breakfast: Chia seed pudding with mango and coconut flakes  
- Lunch: Pad Thai with tofu  
- Dinner: Lamb curry with cauliflower rice  
- Snack: Popcorn  

**Day 6**  
- Breakfast: Avocado toast on gluten-free bread  
- Lunch: Mexican quinoa bowl with black beans and salsa  
- Dinner: Chicken tikka masala with naan (gluten-free)  
- Snack: Rice crackers with guacamole  

**Day 7**  
- Breakfast: Breakfast burrito with scrambled eggs, potatoes, and salsa  
- Lunch: Lentil soup with gluten-free bread  
- Dinner: Shrimp-free shrimp scampi with zoodles  
- Snack: Veggie sticks with tzatziki  

**Grocery List**  
- Produce: Spinach, tomatoes, berries, bananas, apples, carrots, mango, avocado, cauliflower, bell peppers, onions, garlic, ginger  
- Proteins: Chicken, beef, salmon, turkey, tofu, lamb, lentils  
- Pantry Staples: Rice, quinoa, jasmine rice, basmati rice, rice noodles, corn tortillas, almond butter, hummus, peanut butter, mixed nuts, coconut flakes, salsa, black beans, black beans, quinoa, gluten-free bread, chia seeds, popcorn, rice cakes, rice crackers  
- Spices: Curry powder, cumin, paprika, turmeric, coriander, garam masala, chili powder, garlic powder, onion powder, salt, pepper  

**Prep Notes**  
- Batch cook rice and quinoa for easy meal prep  
- Store leftover curry and stir-fry in airtight containers for quick lunches  
- Season dishes lightly and adjust to taste as needed  
- Substitute shrimp with chicken or tofu in shrimp-free shrimp scampi recipe  

This meal plan has been tailored to meet your dietary restrictions and flavor preferences while providing a balanced and delicious variety of meals throughout the week. Enjoy!",scaffold_GPT-OSS-120B,GPT-OSS-120B,gpt-3.5-turbo,openai/gpt-oss-120b,GPT-OSS-120B,/Users/kennywongchamcharoen/Downloads/centaur-benchmark-code/results/meal_plan/20260610_scaffold_strict_v4/augmentation/scaffolds/GPT-OSS-120B.md,364260a1179422addb0ffabbb1f006779a083fa57a10c573439aa3331766e993,"**Assistant Guidance: Three-Phase Workflow**

**1. Requirements Check**  
- Re‑read the prompt carefully and extract every explicit constraint (dietary restrictions, flavor preferences, nutritional limits, format expectations, etc.).  
- Create a checklist that pairs each requirement with a verification point (e.g., “no prohibited ingredient appears in any meal”).  
- Identify any implicit needs such as balance across meals, variety, or budget considerations, and note them for later reference.  
- Confirm the required deliverables (daily meal schedule, snack ideas, grocery list, prep notes) and the expected level of detail for each.

**2. Plan & Structure**  
- Draft a high‑level outline that maps the week (7 days) to the required sections (breakfast, lunch, dinner, snack).  
- Decide on a consistent template for each day (e.g., meal name, brief description, key ingredients, simple preparation steps).  
- Allocate the allowed flavors and protein sources across the week to ensure variety while respecting the intolerance and allergy list.  
- Sketch a master grocery list organized by category (produce, proteins, pantry staples, spices) and note any items that need substitution.  
- Outline brief prep notes that cover batch cooking, storage tips, and seasoning adjustments for a sensitive palate.

**3. Draft → Self‑Review → Finalize**  
- Populate the template with placeholder meals, ensuring each entry aligns with the checklist from Phase 1.  
- Perform a systematic self‑review: cross‑check every meal against the restriction list, verify the grocery list covers all ingredients, and ensure the language is concise and user‑friendly.  
- Adjust seasoning guidance to be mild and adaptable, and confirm snack options are simple and inexpensive.  
- Incorporate any necessary edits, then produce the clean, final version that meets all stipulated requirements.",7,5,8,0.625,4.0,,,google/gemini-3.1-pro,Gemini-3.1-Pro
0,"**Day 1:**

- Breakfast: Scrambled eggs with spinach and cherry tomatoes
- Lunch: Thai chicken salad with peanut dressing
- Dinner: Indian spiced lentil soup with roasted potatoes
- Snack: Fresh fruit salad

**Day 2:**

- Breakfast: Omelette with mushrooms and bell peppers
- Lunch: Mexican chicken burrito bowl with rice and beans
- Dinner: Thai green curry with chicken and jasmine rice
- Snack: Rice cakes with almond butter

**Day 3:**

- Breakfast: Smoothie with banana, almond milk, and spinach
- Lunch: Indian chickpea curry with basmati rice
- Dinner: Beef stir-fry with broccoli and bell peppers
- Snack: Mixed nuts

**Day 4:**

- Breakfast: Greek yogurt with honey and mixed berries
- Lunch: Mexican beef tacos with corn tortillas
- Dinner: Thai coconut curry with shrimp and vegetables
- Snack: Rice crackers with hummus

**Day 5:**

- Breakfast: Chia pudding with coconut milk and mango
- Lunch: Indian vegetable biryani with raita
- Dinner: Grilled chicken with sweet potato fries
- Snack: Veggie sticks with guacamole

**Day 6:**

- Breakfast: Avocado toast on gluten-free bread
- Lunch: Thai beef salad with lime dressing
- Dinner: Mexican black bean soup with avocado
- Snack: Popcorn

**Day 7:**

- Breakfast: Quinoa porridge with almond milk and cinnamon
- Lunch: Indian chicken tikka masala with basmati rice
- Dinner: Baked salmon with roasted vegetables
- Snack: Rice cakes with cashew butter

**Grocery List:**
- Eggs
- Spinach
- Cherry tomatoes
- Chicken
- Peanut butter
- Lentils
- Potatoes
- Mushrooms
- Bell peppers
- Green curry paste
- Jasmine rice
- Banana
- Almond milk
- Chickpeas
- Beef
- Broccoli
- Mixed nuts
- Greek yogurt
- Berries
- Corn tortillas
- Shrimp
- Coconut milk
- Rice crackers
- Hummus
- Chia seeds
- Mango
- Vegetables (various)
- Sweet potatoes
- Avocado
- Gluten-free bread
- Lime
- Black beans
- Quinoa
- Cinnamon
- Cashew butter

**Prep Notes:**
- Pre-cut vegetables for easy meal preparation
- Cook grains and proteins in bulk to save time
- Store snacks in portioned containers for grab-and-go convenience",scaffold_Claude-Sonnet-4.6,Claude-Sonnet-4.6,gpt-3.5-turbo,anthropic/claude-sonnet-4-6,Claude-Sonnet-4.6,/Users/kennywongchamcharoen/Downloads/centaur-benchmark-code/results/meal_plan/20260610_scaffold_strict_v4/augmentation/scaffolds/Claude-Sonnet-4.6.md,3cb90efa963a958e132e1899bf6f419358e5dcd5dbfe529d58b6275ba2fe024c,"**Assistant Guidance: Three-Phase Workflow**

**1. Requirements Check**

Before generating any content, systematically audit all constraints from the task brief. Create a mental checklist separating:
- Hard exclusions (allergens, intolerances, prohibited ingredients)
- Soft preferences (cuisine styles, flavor profiles, texture sensitivities)
- Format requirements (meal types per day, supplementary outputs like grocery list and prep notes)
- Practical parameters (budget, simplicity, target demographic)

Cross-reference each constraint category against the others to identify potential conflicts or edge cases (e.g., certain cuisine staples that may contain hidden excluded ingredients). Flag any ambiguities before proceeding.

**2. Plan & Structure**

Establish a clear organizational framework before writing any meal content. Decide on:
- How days will be laid out (table, list, headers)
- How variety across cuisine preferences will be distributed across seven days
- How the grocery list will be organized (by category, by day, alphabetically)
- How prep notes will be scoped (brief, actionable, non-repetitive)

Map out structural slots first without filling in content, ensuring all required components (breakfast, lunch, dinner, snacks, grocery list, prep notes) are accounted for across the full output.

**3. Draft → Self-Review → Finalize**

Write a complete first draft following the structure. Then conduct a dedicated review pass specifically checking:
- Every ingredient against the exclusion checklist
- Seasoning guidance aligns with super-taster sensitivity
- Cost and simplicity remain consistent throughout
- No structural components are missing

Revise any flagged items, then produce the final clean output.",4,4,8,0.5,5.0,,,google/gemini-3.1-pro,Gemini-3.1-Pro
0,"**7-Day Meal Plan**

**Day 1:**

- Breakfast: Scrambled eggs with spinach and potatoes
- Snack: Mixed nuts and fruit
- Lunch: Chicken fajita bowl with rice and beans
- Snack: Veggie sticks with hummus
- Dinner: Thai green curry with chicken and vegetables served with quinoa

**Day 2:**

- Breakfast: Oatmeal with almond milk, berries, and nuts
- Snack: Rice cakes with avocado
- Lunch: Beef stir-fry with broccoli and bell peppers over rice
- Snack: Greek yogurt with honey and granola
- Dinner: Indian butter chicken with cauliflower rice

**Day 3:**

- Breakfast: Smoothie with banana, almond butter, and spinach
- Snack: Apple slices with almond butter
- Lunch: Mexican beef tacos with lettuce wraps and guacamole
- Snack: Rice crackers with salsa
- Dinner: Thai basil chicken with stir-fried vegetables and jasmine rice

**Day 4:**

- Breakfast: Greek yogurt with granola and berries
- Snack: Carrot sticks with hummus
- Lunch: Stuffed bell peppers with ground turkey and quinoa
- Snack: Trail mix
- Dinner: Indian chickpea curry with cauliflower rice

**Day 5:**

- Breakfast: Chia seed pudding with coconut milk and mango
- Snack: Rice cakes with peanut butter
- Lunch: Chicken and vegetable curry with brown rice
- Snack: Mixed nuts and dried fruit
- Dinner: Mexican beef enchiladas with a side salad

**Day 6:**

- Breakfast: Avocado toast on gluten-free bread
- Snack: Cottage cheese with pineapple
- Lunch: Thai shrimp stir-fry with vegetables over rice noodles
- Snack: Rice crackers with guacamole
- Dinner: Indian lentil dal with basmati rice

**Day 7:**

- Breakfast: Breakfast burrito with scrambled eggs, black beans, and salsa
- Snack: Mixed berries with coconut yogurt
- Lunch: Thai coconut milk soup with chicken and vegetables
- Snack: Rice cakes with almond butter
- Dinner: Mexican grilled chicken with roasted sweet potatoes and corn

**Grocery List:**

- Eggs
- Chicken
- Beef
- Ground turkey
- Shrimp
- Bell peppers
- Spinach
- Broccoli
- Cauliflower
- Carrots
- Sweet potatoes
- Potatoes
- Quinoa
- Brown rice
- Rice noodles
- Black beans
- Chickpeas
- Lentils
- Coconut milk
- Almond milk
- Greek yogurt
- Hummus
- Guacamole
- Salsa
- Almond butter
- Peanut butter
- Nuts
- Berries
- Mango
- Pineapple
- Avocado
- Coconut yogurt
- Rice crackers
- Rice cakes
- Granola
- Trail mix

**Prep Notes:**

- Pre-cook grains like quinoa and rice for easy meal assembly
- Chop vegetables in advance for quick stir-fries and salads
- Marinate meats for added flavor before cooking
- Pre-portion snacks for convenient grab-and-go options

Ensure to adjust portion sizes and ingredients based on individual preferences and dietary needs. Enjoy your flavorful and varied 7-day meal plan!",scaffold_GPT-4.1,GPT-4.1,gpt-3.5-turbo,gpt-4.1,GPT-4.1,/Users/kennywongchamcharoen/Downloads/centaur-benchmark-code/results/meal_plan/20260610_scaffold_strict_v4/augmentation/scaffolds/GPT-4.1.md,a29fa8f28bd65656a516ed40c7941dd5ce321417cea90d541743647549ccd4bd,"**Assistant Guidance: Three-Phase Workflow**

1. Requirements Check  
Carefully review all dietary restrictions, allergies, intolerances, and food preferences specified. Confirm the need to exclude shellfish, gluten, lactose, and onion from all meals and snacks. Note the avoidance of very salty or sweet foods and the requirement for mild, adjustable seasoning due to super-taster sensitivity. Ensure understanding of the preferred cuisines (Mexican, Thai, Indian) and staple ingredients (meat, potatoes). Double-check that the plan must suit an Australian adult and include breakfast, lunch, dinner, and snacks for each of the seven days, along with a grocery list and prep notes.

2. Plan & Structure  
Outline the structure of the meal plan, organizing it by day and meal type. For each day, allocate balanced meals and snacks, ensuring variety and adherence to the stated preferences and restrictions. Map out how to incorporate the preferred flavors while keeping seasoning mild and adjustable. Plan for ingredient overlap to keep costs low and preparation simple. Decide on a consistent format for presenting the meal plan, grocery list, and prep notes to maximize clarity and usability.

3. Draft -> Self-Review -> Finalize  
Draft the full 7-day meal plan with all required components, double-checking each meal and snack for compliance with all constraints. Prepare the grocery list and concise preparation notes, ensuring they are complete and easy to follow. Review the draft for clarity, accuracy, and completeness, making sure all requirements are met. Edit as needed for readability and user-friendliness before finalizing the answer.",0,2,8,0.25,7.0,,,google/gemini-3.1-pro,Gemini-3.1-Pro
0,"**7-Day Meal Plan**

**Monday:**
- Breakfast: Scrambled eggs with spinach and tomatoes
- Snack: Apple slices with almond butter
- Lunch: Grilled chicken with roasted sweet potatoes and green beans
- Snack: Carrot sticks with hummus
- Dinner: Beef stir-fry with bell peppers and broccoli over rice

**Tuesday:**
- Breakfast: Oatmeal with berries and almond milk
- Snack: Greek yogurt with honey and nuts
- Lunch: Turkey and avocado wrap with lettuce and tomato
- Snack: Rice cakes with peanut butter
- Dinner: Chicken curry with cauliflower rice

**Wednesday:**
- Breakfast: Smoothie with banana, spinach, and almond milk
- Snack: Mixed nuts and dried fruit
- Lunch: Beef tacos with corn tortillas, salsa, and guacamole
- Snack: Rice crackers with cheese
- Dinner: Thai basil chicken with jasmine rice

**Thursday:**
- Breakfast: Greek yogurt with granola and berries
- Snack: Celery sticks with almond butter
- Lunch: Lentil soup with gluten-free bread
- Snack: Trail mix
- Dinner: Baked salmon with quinoa and asparagus

**Friday:**
- Breakfast: Chia seed pudding with mango
- Snack: Rice cakes with hummus
- Lunch: Shrimp and vegetable stir-fry over rice noodles
- Snack: Apple slices with almond butter
- Dinner: Indian chicken tikka masala with basmati rice

**Saturday:**
- Breakfast: Avocado toast on gluten-free bread
- Snack: Mixed nuts and dried fruit
- Lunch: Turkey and vegetable stir-fry over quinoa
- Snack: Carrot sticks with hummus
- Dinner: Beef and vegetable curry with cauliflower rice

**Sunday:**
- Breakfast: Scrambled tofu with tomatoes and spinach
- Snack: Greek yogurt with honey and nuts
- Lunch: Chicken fajita bowl with rice and beans
- Snack: Rice cakes with peanut butter
- Dinner: Thai green curry with tofu and jasmine rice

**Grocery List:**
- Proteins: Chicken, beef, turkey, salmon, tofu
- Vegetables: Spinach, tomatoes, bell peppers, broccoli, green beans, avocado, lettuce, cauliflower, asparagus
- Fruits: Apples, berries, bananas, mango
- Pantry: Rice, quinoa, rice noodles, corn tortillas, gluten-free bread, almond milk, hummus, peanut butter, almond butter, mixed nuts, dried fruit, granola, chia seeds
- Spices: Salsa, guacamole, curry paste, basil, cumin, turmeric, garam masala

**Prep Notes:**
- Pre-cut vegetables for easy snacking and meal preparation
- Cook grains and proteins in batches for quick assembly of meals
- Store snacks in portioned containers for grab-and-go convenience

Please adjust seasoning to taste and enjoy your allergen-friendly and flavorful meals throughout the week!",scaffold_DeepSeek-V3.1,DeepSeek-V3.1,gpt-3.5-turbo,deepseek-ai/DeepSeek-V3.1,DeepSeek-V3.1,/Users/kennywongchamcharoen/Downloads/centaur-benchmark-code/results/meal_plan/20260610_scaffold_strict_v4/augmentation/scaffolds/DeepSeek-V3.1.md,de5f4f5c899c7a7d2bee58f88219235faf8c3faef7107172df0d3c96a8a818e6,"**Assistant Guidance: Three-Phase Workflow**

**Requirements Check**
First, meticulously parse the user's constraints. Identify all absolute prohibitions: shellfish, gluten, lactose, onion. Note the flavor preferences (Mexican, Thai, Indian) and the requirement for mild, adjustable seasoning. Confirm the required outputs: a 7-day plan covering all meals and snacks, a grocery list, and prep notes. Verify that all criteria, including budget and simplicity, are understood before proceeding to the planning stage.

**Plan & Structure**
Next, design a framework for the response. Structure the output into clear sections: a weekly calendar of meals, a consolidated grocery list organized by category (e.g., produce, proteins, pantry), and brief preparation instructions. For the meal plan, brainstorm dishes that align with the allowed cuisines while using safe ingredients (e.g., corn tortillas, coconut milk, specific spices). Ensure variety across the week and that each meal component adheres to the dietary restrictions.

**Draft -> Self-Review -> Finalize**
Draft the content according to the structure. Systematically review the draft against each user constraint, line by line, to catch any accidental inclusion of allergens or non-compliant ingredients. Verify that seasoning suggestions are mild and adjustable. Check for completeness, ensuring all meals, snacks, the list, and notes are present. Finalize the text only after this rigorous validation pass.",2,2,8,0.25,7.0,,,google/gemini-3.1-pro,Gemini-3.1-Pro
0,"**7-Day Meal Plan**

**Day 1:**
- Breakfast: Scrambled eggs with spinach and tomatoes
- Lunch: Grilled chicken salad with avocado and lime dressing
- Dinner: Beef stir-fry with mixed vegetables and rice
- Snack: Apple slices with almond butter

**Day 2:**
- Breakfast: Greek yogurt with berries and granola
- Lunch: Turkey and avocado wrap with lettuce
- Dinner: Baked salmon with lemon and herbs, served with roasted sweet potatoes
- Snack: Carrot sticks with hummus

**Day 3:**
- Breakfast: Oatmeal with almond milk, cinnamon, and sliced bananas
- Lunch: Quinoa salad with black beans, corn, and salsa
- Dinner: Chicken curry with coconut milk and vegetables, served with jasmine rice
- Snack: Mixed nuts

**Day 4:**
- Breakfast: Smoothie with spinach, banana, and almond milk
- Lunch: Tuna salad with mixed greens and balsamic vinaigrette
- Dinner: Beef tacos with lettuce wraps, salsa, and guacamole
- Snack: Rice cakes with peanut butter

**Day 5:**
- Breakfast: Chia seed pudding with coconut milk and mango
- Lunch: Chicken and vegetable stir-fry with soy sauce
- Dinner: Lentil soup with cumin and turmeric
- Snack: Popcorn

**Day 6:**
- Breakfast: Breakfast burrito with scrambled eggs, black beans, and salsa
- Lunch: Thai chicken salad with peanut dressing
- Dinner: Lamb curry with naan bread (gluten-free)
- Snack: Rice crackers with cheese

**Day 7:**
- Breakfast: Pancakes made with gluten-free flour and topped with berries
- Lunch: Shrimp and avocado salad with lime dressing (substitute shrimp with chicken or tofu for shellfish allergy)
- Dinner: Vegetable biryani with basmati rice and raita
- Snack: Greek yogurt with honey and walnuts

**Grocery List:**
- Eggs
- Chicken
- Beef
- Salmon
- Turkey
- Tuna
- Lentils
- Lamb
- Spinach
- Tomatoes
- Avocado
- Mixed vegetables
- Sweet potatoes
- Carrots
- Hummus
- Berries
- Quinoa
- Black beans
- Corn
- Salsa
- Coconut milk
- Jasmine rice
- Mixed nuts
- Banana
- Rice cakes
- Peanut butter
- Chia seeds
- Mango
- Soy sauce
- Lentils
- Cumin
- Turmeric
- Popcorn
- Black beans
- Naan bread (gluten-free)
- Rice crackers
- Cheese
- Gluten-free flour
- Berries
- Shrimp (optional, substitute with chicken or tofu)
- Basmati rice
- Raita
- Greek yogurt
- Honey
- Walnuts

**Prep Notes:**
- Pre-cook grains and proteins in bulk for easy meal assembly
- Pre-cut vegetables for stir-fries and salads
- Portion snacks into individual containers for grab-and-go convenience

Please let me know if you have any specific preferences or adjustments needed for the meal plan. Enjoy your meals!",scaffold_Claude-Opus-4.8,Claude-Opus-4.8,gpt-3.5-turbo,anthropic/claude-opus-4-8,Claude-Opus-4.8,/Users/kennywongchamcharoen/Downloads/centaur-benchmark-code/results/meal_plan/20260610_scaffold_strict_v4/augmentation/scaffolds/Claude-Opus-4.8.md,80b15b123d33afaf022f96c43b42582a8ab32faac658758cae14fb86d132b7a3,"**Assistant Guidance: Three-Phase Workflow**

**Phase 1 — Requirements Check**
Begin by extracting every explicit constraint from the task and listing them in categories: hard exclusions (allergens/ingredients to avoid), intolerances, flavor preferences, sensory cautions, budget/simplicity goals, and structural deliverables. Flag any potential conflicts (e.g., preferences that brush against restrictions) and note how you'll resolve them. Confirm the required scope: number of days, meals per day, and the supplementary outputs requested. Mark anything ambiguous so you handle it consistently rather than guessing inconsistently.

**Phase 2 — Plan & Structure**
Decide the overall organization before writing: a per-day layout for meals plus separate sections for the grocery list and prep notes. Choose a repeatable template for each day so formatting stays uniform. Plan a strategy for honoring all exclusions simultaneously and for keeping cost and effort low (e.g., reusing ingredients across days). Sequence your work so the meal entries come first, then aggregate ingredients into the list, then derive prep notes. Map preferences and sensory cautions to how seasoning will be presented as adjustable.

**Phase 3 — Draft → Self-Review → Finalize**
Draft each section against your template. Then self-review with a checklist: scan every item for prohibited ingredients, verify each day has all required meals plus snacks, confirm the grocery list matches what the plan actually uses, and check seasoning notes reflect the sensitivity guidance. Verify tone, simplicity, and budget alignment. Correct gaps, remove redundancy, and finalize only after all constraints from Phase 1 are satisfied.",5,2,8,0.25,7.0,,,google/gemini-3.1-pro,Gemini-3.1-Pro
0,"**7-Day Meal Plan for Australian Adult with Dietary Restrictions**

**Day 1:**
- Breakfast: Scrambled eggs with spinach and tomatoes
- Lunch: Thai basil chicken with jasmine rice
- Dinner: Beef curry with cauliflower rice
- Snack: Sliced apples with almond butter
- Grocery List: Eggs, spinach, tomatoes, chicken, jasmine rice, beef, cauliflower, apples, almond butter

**Day 2:**
- Breakfast: Omelette with bell peppers and mushrooms
- Lunch: Mexican beef tacos with lettuce wraps
- Dinner: Chicken tikka masala with quinoa
- Snack: Carrot sticks with hummus
- Grocery List: Bell peppers, mushrooms, beef, lettuce, chicken, quinoa, carrots, hummus

**Day 3:**
- Breakfast: Greek yogurt with berries and honey
- Lunch: Thai coconut shrimp soup
- Dinner: Lamb kebabs with roasted potatoes
- Snack: Mixed nuts
- Grocery List: Greek yogurt, berries, honey, shrimp, coconut milk, lamb, potatoes, mixed nuts

**Day 4:**
- Breakfast: Smoothie with banana, spinach, and almond milk
- Lunch: Indian lentil curry with brown rice
- Dinner: Pork stir-fry with broccoli and snap peas
- Snack: Rice cakes with avocado
- Grocery List: Banana, spinach, almond milk, lentils, brown rice, pork, broccoli, snap peas, rice cakes, avocado

**Day 5:**
- Breakfast: Chia seed pudding with mango
- Lunch: Mexican chicken salad with avocado dressing
- Dinner: Thai basil beef stir-fry with zucchini noodles
- Snack: Rice crackers with guacamole
- Grocery List: Chia seeds, mango, chicken, avocado, basil, beef, zucchini, rice crackers, guacamole

**Day 6:**
- Breakfast: Quinoa porridge with cinnamon and berries
- Lunch: Indian chickpea curry with naan bread (gluten-free)
- Dinner: Turkey meatballs with spaghetti squash
- Snack: Celery sticks with peanut butter
- Grocery List: Quinoa, cinnamon, berries, chickpeas, gluten-free naan bread, turkey, spaghetti squash, celery, peanut butter

**Day 7:**
- Breakfast: Breakfast burrito with scrambled eggs, black beans, and salsa
- Lunch: Thai coconut chicken curry with quinoa
- Dinner: Beef and vegetable stir-fry with cauliflower rice
- Snack: Popcorn with sea salt
- Grocery List: Black beans, salsa, chicken, coconut milk, beef, vegetables, cauliflower, popcorn, sea salt

**Prep Notes:**
- Pre-cook grains like rice and quinoa for easy meal assembly.
- Chop vegetables in advance for quick stir-fry preparation.
- Make extra portions for easy leftovers.

This meal plan has been carefully crafted to meet your dietary restrictions and flavor preferences. Enjoy your delicious and nutritious meals throughout the week!",scaffold_GPT-O4-Mini,GPT-O4-Mini,gpt-3.5-turbo,o4-mini-2025-04-16,GPT-O4-Mini,/Users/kennywongchamcharoen/Downloads/centaur-benchmark-code/results/meal_plan/20260610_scaffold_strict_v4/augmentation/scaffolds/GPT-O4-Mini.md,5334309afbe5d80fdb35c04304e116f88350d0fa7d9ac55932dac26b1e85128c,"**Assistant Guidance: Three-Phase Workflow**

1. Requirements Check  
- Carefully parse the user’s instructions to extract all high-level constraints (dietary restrictions, intolerances, flavor preferences, budget and simplicity goals, output components).  
- Verify that you understand the required deliverables (daily meal entries, snack suggestions, grocery list, prep notes).  
- Confirm any formatting or organizational guidelines (number of days, meal categories per day, list sections).  
- Flag any ambiguities or missing clarifications before proceeding.

2. Plan & Structure  
- Outline the overall document framework: define sections for each day, meals, snacks, and supporting lists/notes.  
- Sketch a template for a single day, ensuring placeholders for breakfast, lunch, dinner, snack, grocery items, and prep tips.  
- Ensure a modular approach so each day follows the same structure.  
- Map dietary constraints and preferences to each placeholder without filling in actual recipes.  
- Allocate space for brief prep guidance and a consolidated grocery list at the end.

3. Draft -> Self-Review -> Finalize  
- Draft content systematically by populating the template day by day, adhering strictly to constraints.  
- After drafting, perform a self-review checklist: check for compliance with all restrictions, consistent formatting, balanced meal distribution, and clarity.  
- Revise any sections that conflict with requirements or lack cohesion.  
- Finalize by ensuring the output is organized, clearly labeled, and ready for user consumption.",6,1,8,0.125,9.0,,,google/gemini-3.1-pro,Gemini-3.1-Pro
0,"**7-Day Meal Plan**

**Day 1**
- Breakfast: Scrambled eggs with spinach and tomatoes
- Lunch: Thai-inspired chicken stir-fry with vegetables and rice
- Dinner: Indian-spiced lentil soup with potatoes
- Snacks: Carrot sticks with hummus

**Day 2**
- Breakfast: Greek yogurt with mixed berries and almonds
- Lunch: Mexican-style beef tacos with lettuce wraps
- Dinner: Baked salmon with quinoa and roasted vegetables
- Snacks: Rice cakes with almond butter

**Day 3**
- Breakfast: Oatmeal with banana and cinnamon
- Lunch: Thai coconut curry with chicken and vegetables
- Dinner: Beef and vegetable stir-fry with rice noodles
- Snacks: Mixed nuts

**Day 4**
- Breakfast: Smoothie with spinach, banana, and almond milk
- Lunch: Mexican-inspired chicken salad with avocado
- Dinner: Indian-spiced chickpea curry with cauliflower rice
- Snacks: Rice crackers with guacamole

**Day 5**
- Breakfast: Chia seed pudding with mango
- Lunch: Thai basil chicken with jasmine rice
- Dinner: Baked sweet potato with black beans and salsa
- Snacks: Popcorn

**Day 6**
- Breakfast: Quinoa porridge with apples and walnuts
- Lunch: Mexican beef and bean chili
- Dinner: Indian-spiced grilled chicken with roasted potatoes
- Snacks: Veggie sticks with tahini dip

**Day 7**
- Breakfast: Avocado toast on gluten-free bread
- Lunch: Thai peanut chicken salad
- Dinner: Lentil and vegetable curry with basmati rice
- Snacks: Apple slices with almond butter

**Grocery List**
- Produce: Spinach, tomatoes, lettuce, avocado, bananas, mango, apples, carrots
- Meat: Chicken, beef, salmon
- Pantry: Rice, quinoa, lentils, chickpeas, rice noodles, almond butter, coconut milk, salsa, hummus, guacamole, tahini
- Dairy Alternatives: Greek yogurt, almond milk
- Snacks: Mixed nuts, rice cakes, rice crackers, popcorn

**Prep Notes**
- Batch cook grains and proteins for easy meal assembly.
- Pre-cut vegetables for quick snacks and meal prep.
- Use mild seasonings and adjust to taste as needed.

This 7-day meal plan meets all dietary restrictions and preferences, providing a variety of flavors and nutrients while keeping costs low and simplicity in mind.",scaffold_Gemini-3.1-Pro,Gemini-3.1-Pro,gpt-3.5-turbo,google/gemini-3.1-pro,Gemini-3.1-Pro,/Users/kennywongchamcharoen/Downloads/centaur-benchmark-code/results/meal_plan/20260610_scaffold_strict_v4/augmentation/scaffolds/Gemini-3.1-Pro.md,feda9026ac26a42f533350151d0ca672f70bcd12de41b18e8e56cffbd804751f,"**Assistant Guidance: Three-Phase Workflow**

**1. Requirements Check**
- Target audience: 31-year-old Australian adult.
- Dietary restrictions (strict): No shellfish, no gluten, no lactose, no onion.
- Flavor/Ingredient preferences: Meat, potatoes, Mexican, Thai, Indian.
- Sensory/Taste constraints: Avoid very salty, avoid very sweet, accommodate super-taster sensitivity (mild, adjustable seasonings).
- Budget/Complexity: Cheap and simple.
- Required outputs: 7-day meal plan (breakfast, lunch, dinner, simple snacks daily), a consolidated grocery list, and brief prep notes.

**2. Plan & Structure**
- Outline the 7-day schedule. For each day, create placeholders for Breakfast, Lunch, Dinner, and Snacks.
- Brainstorm ingredient substitutions to ensure all strict dietary constraints (gluten-free, lactose-free, onion-free, shellfish-free) are met while keeping costs low (e.g., using rice, potatoes, cheap cuts of meat, and lactose-free or dairy-free alternatives).
- Map out the flavor profiles across the week, ensuring a rotation of Mexican, Thai, and Indian inspirations, adapted to be mild and low in salt/sugar.
- Structure the grocery list by category (Produce, Meat, Pantry, etc.) to ensure cost-effectiveness and ease of shopping in an Australian context.
- Plan a brief section for meal prep notes, focusing on time-saving strategies and batch cooking.

**3. Draft -> Self-Review -> Finalize**
- Draft the 7-day meal plan, populating each meal with specific, compliant recipes or food combinations.
- Draft the grocery list and prep notes based on the meal plan.
- Self-Review: Check every single meal and ingredient against the strict allergy and intolerance list (no gluten, lactose, shellfish, or onion). Verify that the flavors match the requested cuisines, the seasonings are described as mild/adjustable, and the overall plan feels budget-friendly and simple.
- Finalize the output for clarity, ensuring all requested components are present and clearly formatted.",9,0,0,,,,,google/gemini-3.1-pro,Gemini-3.1-Pro
