replicate_id,output,condition,model_id,model_label,item_id,avg_rank,std_rank,avg_win_rate,std_win_rate,total_wins,total_games
0,"**Internal Report: Improving Delivery Efficiency and Reducing Fuel Cost**

**Objective**  
Identify operational bottlenecks driving delivery delays and fuel spend, and recommend data-driven actions that improve service while respecting fleet, labor, and warehouse constraints.

### 1) Data to Collect and How to Validate It
Key data inputs:
- **Route execution:** planned vs. actual departure/arrival times, stop sequence, miles driven, idle time, dwell time at stores, missed deliveries.
- **Fleet utilization:** vehicle capacity used, cube/weight fill rate, driver hours, maintenance downtime, fuel consumption by route/vehicle.
- **Demand and inventory:** store-level order volumes, SKU mix, forecast accuracy, stockouts, warehouse inventory positions.
- **Network constraints:** delivery windows, warehouse handling capacity, driver availability, regional traffic patterns.

Validation approach:
- Reconcile dispatch records, driver logs, and fuel receipts to identify inconsistencies.
- Check timestamp completeness and remove obvious errors (e.g., negative travel times).
- Compare forecasted vs. actual store demand to quantify bias and variability.
- Use weekly exception reports for missing data, outlier routes, and abnormal fuel usage.

### 2) Analytical / Optimization Framework
I recommend a two-stage framework:

- **Diagnostic analysis:**  
  Segment delays into root causes: loading bottlenecks, poor route design, low truck fill, traffic exposure, or forecast error.

- **Optimization and scenario testing:**  
  - Use **mixed-integer programming (MIP)** to optimize delivery schedules, truck assignments, and warehouse-to-store allocations under capacity, time-window, and labor constraints.
  - Use **simulation** to test robustness under uncertain demand, traffic, and loading delays before rollout.

This allows comparison of alternatives such as fewer high-fill routes vs. more frequent deliveries, or single-source vs. multi-warehouse replenishment.

### 3) Recommended Actions
**A. Redesign routes and delivery frequencies**
- Consolidate low-fill trips and shift selected stores to alternate delivery days.
- Benefit: lower fuel cost and higher truck utilization.
- Trade-off: slightly higher inventory at stores and risk of reduced flexibility during demand spikes.

**B. Reallocate stores across warehouses**
- Serve stores from the lowest total-cost warehouse, not just the nearest, considering handling capacity and route density.
- Benefit: shorter average route time and better network balance.
- Trade-off: transition complexity, temporary service disruption, and possible warehouse congestion if capacity assumptions are wrong.

### 4) KPIs and Communication
Track:
- **On-time delivery rate**
- **Cost per drop / per case delivered**
- **Fuel per mile and per drop**
- **Vehicle utilization (weight/cube fill)**
- **Driver hours per route**
- **Forecast accuracy and stockout rate**

Communicate results through a monthly executive dashboard showing baseline vs. pilot performance, savings achieved, service impact, and key risks. Focus on a small set of KPIs tied directly to cost, service, and operational resilience.",gpt-5.4,gpt-5.4,gpt-5.4,7,1.6666666666666667,0.2886751345948129,0.8888888888888888,0.0,24,27
0,"**Internal Report: Enhancing Delivery Efficiency and Cost Control**

---

**1. Data Collection & Validation**

To diagnose bottlenecks and drive improvements, we must collect high-quality, relevant data:

- **Route Times:** Actual vs. planned travel and delivery times per route.  
  *Validation:* Compare GPS logs with driver logs; flag anomalies for review.
- **Vehicle Utilization:** Daily/weekly mileage, idle time, load factors.
  *Validation:* Cross-reference telematics data with dispatch schedules.
- **Demand Forecasts:** Store-level order volumes, seasonal fluctuations.
  *Validation:* Compare forecasts to historical sales and delivery records.
- **Delivery Delays:** Frequency, duration, and causes (traffic, loading, etc.).
  *Validation:* Require standardized incident reporting from drivers.
- **Fuel Consumption:** Fuel logs per vehicle/route.
  *Validation:* Reconcile fuel receipts with odometer and telematics data.

---

**2. Analytical & Optimization Framework**

To evaluate operational changes, we propose:

- **Mixed-Integer Programming (MIP):**  
  Optimize routing and delivery schedules under constraints (vehicle capacity, delivery windows, driver hours). Objective: minimize total cost (fuel, labor) while meeting service levels.
- **Simulation Modeling:**  
  Test alternate warehouse allocations or delivery frequencies. Simulate demand variability, traffic, and breakdowns to assess real-world impact.

---

**3. Recommendations & Trade-Offs**

**A. Dynamic Route Optimization**
- *Strategy:* Use MIP to re-optimize delivery routes daily based on order volumes and real-time traffic.
- *Benefits:* Lower fuel costs, improved on-time rates, higher vehicle utilization.
- *Trade-Offs/Risks:* Requires reliable daily data and flexible dispatch; may disrupt established driver routines.

**B. Consolidated Deliveries with Flexible Windows**
- *Strategy:* Group deliveries geographically and propose wider delivery time windows for select stores.
- *Benefits:* Fewer trips, reduced mileage, better vehicle fill rates.
- *Trade-Offs/Risks:* Some stores may receive deliveries earlier/later than preferred, potentially impacting in-store operations.

---

**4. KPIs & Executive Communication**

**Key Performance Indicators:**
- **On-Time Delivery Rate** (% deliveries within promised window)
- **Cost per Drop** (total delivery cost / # of deliveries)
- **Vehicle Utilization** (% of capacity used per trip)
- **Average Delay per Delivery** (minutes)

**Communication Plan:**
- Monthly executive dashboards highlighting KPIs, trends, and root-cause analysis of delays.
- Quarterly strategy reviews with scenario analyses and ROI projections for proposed changes.
- Visual summaries (charts, heat maps) to spotlight improvement areas and remaining challenges.

---

**Summary:**  
By focusing on validated data, robust optimization, and targeted operational changes, we can reduce costs and improve service reliability. Regular KPI tracking and clear communication will ensure alignment and accountability as we implement these strategies.",GPT-4.1,gpt-4.1,GPT-4.1,1,2.0,0.8660254037844386,0.8518518518518517,0.06415002990995838,23,27
0,"Executive Summary  
This report outlines a data-driven approach to identify and alleviate delivery bottlenecks, optimize routing and warehouse allocations, and balance cost, service levels, and resource constraints.

1. Data Collection & Validation  
• Core Data Streams  
  – Route performance: start/end times, GPS tracks, idle times  
  – Vehicle metrics: utilization rates, payloads, fuel consumption  
  – Demand signals: point-of-sale forecasts, historical order patterns  
  – Warehouse stats: inventory levels, pick/pack times, dock utilization  
• Validation Techniques  
  – Cross-check GPS logs against driver logs; flag outliers (>2σ)  
  – Automated sensor calibration reports; periodic manual audits  
  – Statistical consistency tests on demand (seasonality, trend)  
  – Reconciliation of fuel records with odometer data  

2. Analytical & Optimization Framework  
• Mixed-Integer Programming  
  – Multi-Depot Vehicle Routing Problem (MD-VRP) with time windows and capacity constraints  
  – Objective: minimize total cost = transportation + inventory + penalty for missed windows  
• Discrete-Event Simulation  
  – Stochastic arrival of orders, variable traffic delays, labor availability  
  – “What-if” scenarios: peak vs. off-peak delivery, warehouse load balancing  
• Robust Optimization Extensions  
  – Incorporate forecast uncertainty; ensure feasible schedules under ±10% demand variance  

3. Recommended Solutions  
A. Dynamic Route Consolidation & Off-Peak Deliveries  
  – Consolidate slow-moving SKUs into afternoon runs; shift non-urgent drops to nights/weekends  
  – Trade-off: lower fuel costs vs. potential incremental labor premiums  
  – Risk: driver availability; mitigated by part-time shift incentives  
B. Regional Cross-Dock Hubs  
  – Establish two cross-docks between central warehouse and stores in adjacent zones  
  – Benefits: reduced route miles, faster turnarounds, inventory pooling  
  – Trade-off: upfront infrastructure costs vs. long-term cost per drop reduction  

4. Key Performance Indicators & Reporting  
• Operational KPIs  
  – On-Time Delivery Rate (%)  
  – Cost per Drop ($)  
  – Vehicle Utilization (% load factor)  
  – Average Route Time (hrs)  
  – Fuel Consumption per Mile (gal/mile)  
• Reporting Cadence & Visualization  
  – Weekly dashboard: trend lines for on-time rate, cost per drop  
  – Monthly heat maps: high-delay zones, under-utilized vehicles  
  – Quarterly executive summary: ROI analysis on cross-dock investments, service-level improvements  
  – Format: concise slides with KPI scorecards, actionable insights  

By systematically collecting and validating operational data, leveraging optimization and simulation models, and monitoring targeted KPIs, we can reduce delivery delays, curb fuel costs, and sustain high service levels within existing resource constraints.",GPT-O4-Mini,o4-mini-2025-04-16,GPT-O4-Mini,3,3.0,1.8027756377319946,0.8148148148148149,0.1697250257391052,22,27
0,"**To:** Senior Management
**From:** Operations Research Analyst
**Date:** October 26, 2023
**Subject:** Data-Driven Strategies to Improve Delivery Efficiency

### 1. Data Collection & Validation

To diagnose bottlenecks, we must collect and validate granular operational data:
*   **Route Performance:** GPS-logged travel times, idle times at stops, and actual vs. planned schedules.
*   **Asset Utilization:** Vehicle capacity used per trip, fuel consumption logs, and vehicle maintenance downtime.
*   **Demand Patterns:** Historical and forecasted order volumes by store and product type.
*   **External Factors:** Traffic data and regional fuel price trends.

**Validation:** Data will be cross-referenced across systems (e.g., TMS, WMS, fuel cards) for consistency. We will run statistical checks for outliers (e.g., implausibly short/long route times) and conduct spot audits with warehouse and driver teams.

### 2. Analytical Framework

We will employ a two-pronged optimization framework:
*   **Tactical Routing:** Use **Linear Programming** to optimize daily routes, minimizing cost (fuel, time) while meeting delivery time windows. This will re-sequence stops and right-size vehicles per route.
*   **Strategic Allocation:** Use **Mixed-Integer Programming** to evaluate alternate warehouse-to-store allocations. This model will determine the most efficient sourcing points for clusters of stores to minimize total distance traveled and improve load consolidation.

Simulation will test these optimized schedules against variable conditions (traffic, demand spikes) to assess robustness before implementation.

### 3. Recommended Solutions & Trade-offs

**Solution 1: Dynamic Route Optimization & Zone Sourcing**
*   **Action:** Implement optimized daily routes and re-allocate stores to be served from the nearest warehouse.
*   **Benefit:** Reduces miles driven, fuel costs, and delays.
*   **Trade-off/Risk:** Higher inventory carrying costs if more warehouses stock more SKUs. Requires change management with drivers and store managers accustomed to existing routes.

**Solution 2: Load Consolidation and Off-Peak Delivery**
*   **Action:** Combine deliveries to nearby stores into fuller truckloads and schedule routes for off-peak hours to avoid traffic.
*   **Benefit:** Increases vehicle utilization (cost per drop decreases) and improves on-time rates.
*   **Trade-off/Risk:** Requires more sophisticated scheduling and may extend some drivers' shifts, necessitating careful labor management.

### 4. KPIs & Communication

We will track:
*   **On-Time In-Full (OTIF) Rate**
*   **Average Cost Per Delivery**
*   **Vehicle Utilization Rate** (% of capacity used)
*   **Fuel Efficiency** (miles per gallon)

Results will be communicated via a monthly executive dashboard, highlighting progress against baselines and quantifying the financial impact (e.g., fuel savings, revenue protected via improved service). A pilot program is recommended to demonstrate proof of concept with a controlled store group.",DeepSeek-V3.1,deepseek-ai/DeepSeek-V3.1,DeepSeek-V3.1,2,3.5,0.5,0.7407407407407408,0.06415002990995845,20,27
0,"Internal Operations Performance Report

Overview  
This report summarizes the proposed data collection, analytical framework, and solutions aimed at mitigating delivery delays and reducing fuel costs while maintaining robust service levels and efficient resource use.

1. Data Collection & Validation  
• Key Data Points:  
 – Route times per delivery leg  
 – Vehicle utilization metrics (e.g., capacity usage, idle times)  
 – Demand forecasts segmented by store and season  
 – Fuel consumption records and cost per route  
 – Warehouse processing times (inventory turnover, packing speed)  

• Data Validation Approach:  
 – Cross-reference manual logs with automated GPS and sensor data for route times  
 – Regular audits comparing recorded vehicle loads against actual capacity usage  
 – Historical sales data and seasonal trends for demand forecasts, validated with point-of-sale records  
 – Consistency checks on fuel records against telematics data  
 – Cycle counts and time-motion studies to validate warehouse efficiency

2. Analytical/Optimization Framework  
• Optimization Model:  
 – Develop a mixed-integer programming (MIP) model to simultaneously optimize delivery schedules and warehouse allocations  
 – Define constraints (vehicle capacity, delivery time windows, fuel limits) and incorporate variables (route selection, load assignments)  
 – Use sensitivity analysis to evaluate changes in demand patterns and operational capacity

• Simulation:  
 – Implement discrete event simulation to test the impact of alternate delivery schedules and reallocation strategies  
 – Model scenarios to uncover potential bottlenecks before full-scale implementation

3. Recommended Solutions  
• Consolidated Deliveries & Route Re-Optimization:  
 – Combine deliveries where possible to maximize vehicle utilization  
 – Re-optimize routes to reduce redundant travel, targeting lower fuel costs  
 – Trade-off: Slight delay in individual store service balanced by overall efficiency gains  

• Warehouse and Inventory Reallocation:  
 – Redistribute inventory across networked warehouses to minimize last-mile delivery distances  
 – Implement dynamic scheduling based on real-time demand forecasts  
 – Risk: Increased complexity in logistics planning that may require enhanced IT support and staff training

4. Key Performance Indicators (KPIs) & Communication  
• KPIs Include:  
 – On-time delivery rate  
 – Cost per drop/delivery  
 – Vehicle and warehouse utilization rates  
 – Fuel efficiency (cost per mile)  

• Reporting Strategy:  
 – Monthly dashboard summaries showcasing trends and performance relative to targets  
 – Quarterly strategic review meetings with scenario analysis and risk assessments  
 – Clear visualizations (charts, trend lines) to communicate progress and areas for adjustment

This integrative approach provides a data-driven path to improved efficiency while balancing cost, service levels, and resources.",GPT-O3-Mini,o3-mini-2025-01-31,GPT-O3-Mini,4,4.833333333333333,0.28867513459481275,0.5925925925925926,0.0641500299099584,16,27
0,"**TO:** Senior Management  
**FROM:** Operations Research Analyst  
**SUBJECT:** Strategic Optimization of Logistics Network: Mitigating Delays and Fuel Costs  

**1. Data Collection and Validation**  
To accurately diagnose bottlenecks, we must first establish a robust, verified data baseline:
*   **Data Requirements:** Telematics/GPS logs (transit times, idle times at loading docks), load manifests (vehicle weight and volume utilization), historical store sales (for demand forecasting), and regional fuel pricing.
*   **Validation Strategy:** We will cross-reference GPS transit logs with driver timesheets and warehouse dispatch timestamps to ensure accuracy. Statistical outliers (e.g., extreme weather delays) will be isolated to distinguish systemic bottlenecks from isolated incidents. 

**2. Analytical Framework**  
To evaluate alternate delivery schedules and warehouse allocations, we will deploy a two-phased Operations Research approach:
*   **Mixed-Integer Programming (MIP):** We will model the network using a Capacitated Vehicle Routing Problem (CVRP) framework. This mathematical model will optimize warehouse-to-store allocations and daily schedules, minimizing total mileage and fuel costs while strictly respecting vehicle capacities and store delivery windows.
*   **Discrete-Event Simulation:** Because mathematical optimums can fail in the real world, we will stress-test the MIP-generated schedules using simulation. By introducing stochastic variables (e.g., traffic variability, loading dock delays, demand spikes), we can ensure our proposed schedules are resilient.

**3. Recommended Solutions & Trade-Offs**  
Based on preliminary network observations, I propose evaluating two practical strategies:
*   **Dynamic Route Consolidation:** Transitioning from fixed, static delivery routes to dynamic routing based on daily predictive demand. 
    *   *Trade-offs & Risks:* This significantly reduces fuel consumption and empty miles. However, it disrupts driver route familiarity and requires retail stores to adhere to stricter order cut-off times.
*   **Strategic Cross-Docking:** Reallocating fast-moving inventory to regional cross-docking hubs closer to high-density retail clusters, rather than fulfilling all orders from central warehouses.
    *   *Trade-offs & Risks:* This drastically improves on-time delivery rates and reduces long-haul fuel exposure. Conversely, it increases initial warehouse handling costs and requires short-term facility layout reconfigurations.

**4. KPIs and Executive Communication**  
To measure the success of implemented changes, we will track the following Key Performance Indicators (KPIs):
*   **On-Time Delivery Rate:** Percentage of deliveries meeting store time windows.
*   **Cost per Drop:** Total route cost (fuel + labor + maintenance) divided by the number of store deliveries.
*   **Fleet Utilization:** Average percentage of available vehicle weight/volume capacity utilized per trip.

**Communication Strategy:**  
Progress will be communicated via a monthly executive brief featuring variance analysis (Actual Performance vs. Optimized Baseline). I will also provide a quarterly strategic review detailing the ROI on fuel savings and service level improvements, ensuring our operational adjustments remain aligned with overarching financial goals.",Gemini-3.1-Pro,gemini-3.1-pro-preview,Gemini-3.1-Pro,9,6.166666666666667,0.2886751345948129,0.4074074074074074,0.06415002990995841,11,27
0,"# Internal Report: Optimizing Delivery Operations & Reducing Costs

**Prepared for:** Senior Management | **Prepared by:** Operations Research Division | **Date:** July 2025

---

## 1. Data Collection & Validation

**Core datasets required:**

- **Route & transit data:** GPS timestamps for departure, arrival, and dwell time at each stop; historical route times by corridor, day-of-week, and time-of-day.
- **Vehicle utilization:** Capacity used (weight/volume) per trip, miles driven loaded vs. empty, fleet availability and maintenance logs.
- **Demand & order profiles:** Store-level demand forecasts (rolling 12-week), order frequency, SKU velocity, and seasonal patterns.
- **Cost data:** Fuel consumption per vehicle per route, driver labor hours, warehouse handling costs.

**Validation approach:**

- Cross-reference GPS route times against dispatch system records to flag discrepancies >10%.
- Reconcile warehouse shipment records with store receiving logs to confirm data integrity.
- Benchmark demand forecasts against actuals using Mean Absolute Percentage Error (MAPE); target <15%.
- Conduct statistical outlier detection (z-score >3) on transit times and fuel consumption to isolate data errors from genuine anomalies.

---

## 2. Analytical & Optimization Framework

We propose a **two-stage framework**:

**Stage A — Diagnostic Simulation**
Build a discrete-event simulation of current operations (warehouse picking → loading → routing → delivery) to identify bottlenecks. This reveals where delays concentrate—loading docks, specific corridors, or time windows—without requiring immediate structural changes.

**Stage B — Prescriptive Optimization**
Deploy a **mixed-integer programming (MIP) model** that jointly optimizes:

- **Delivery scheduling:** Assign stores to delivery days/waves minimizing total distance and driver hours, subject to store time-window constraints and vehicle capacity.
- **Warehouse allocation:** Determine which distribution center serves which stores, minimizing transport cost while respecting throughput capacity at each facility.

*Objective function:* Minimize total cost (fuel + labor + handling) subject to service-level constraints (e.g., ≥95% on-time delivery).

The simulation validates MIP solutions under real-world variability (traffic, demand surges) before implementation.

---

## 3. Recommended Solutions

| Solution | Description | Trade-offs & Risks |
|---|---|---|
| **A. Dynamic Route Consolidation** | Shift from fixed daily routes to demand-triggered delivery waves (e.g., deliver to low-volume stores 3×/week instead of 5×). MIP results suggest **12–18% reduction in miles driven** and proportional fuel savings. | *Trade-off:* Slightly longer lead times for low-volume stores. *Risk:* Stockouts if demand forecasts underperform; mitigate with safety-stock adjustments and exception-based expedited runs. |
| **B. Regional Warehouse Rebalancing** | Reallocate store assignments across DCs based on optimization output, shifting ~15% of volume from over-utilized facilities to those with spare capacity. Simulation shows **8–12% reduction in average transit time** and more balanced labor loads. | *Trade-off:* One-time inventory repositioning cost (~2–4 weeks of disruption). *Risk:* Capacity assumptions may shift seasonally; re-run model quarterly and maintain flex capacity agreements with 3PL partners. |

Both solutions are complementary and can be phased: Solution A in 60 days (low capital), Solution B over the following quarter.

---

## 4. KPIs & Communication Plan

**Key Performance Indicators:**

| KPI | Target | Frequency |
|---|---|---|
| On-time delivery rate | ≥ 95% | Weekly |
| Cost per drop | Reduce 10% within 6 months | Monthly |
| Vehicle capacity utilization | ≥ 80% | Weekly |
| Miles per delivery | Reduce 12% within 6 months | Monthly |
| Forecast accuracy (MAPE) | ≤ 15% | Monthly |

**Communication approach:**

- **Executive dashboard:** One-page visual summary updated weekly, highlighting KPI trends against targets with red/amber/green status.
- **Monthly review:** 15-minute briefing with scenario",Claude-Opus-4.6,claude-opus-4-6,Claude-Opus-4.6,8,6.833333333333333,0.2886751345948129,0.3333333333333333,0.0,9,27
0,"**Internal Report – Improving Delivery Efficiency**  
*Prepared by: OR Analyst – Logistics Operations*  
*Audience: Senior Management*  
*Length: 350 words*  

---

### 1. Data to Collect & Validation  

| Data Element | Source | Validation Method |
|--------------|--------|-------------------|
| **Route travel times** (planned vs. actual) | GPS logs, driver mobile app | Cross‑check with traffic‑historical datasets; flag >10 % deviation for outliers |
| **Vehicle utilization** (miles, load factor, idle time) | Fleet telematics | Reconcile mileage with depot dispatch records; variance analysis per vehicle |
| **Demand forecasts per store** (units, SKU mix) | ERP demand planning module | Compare 4‑week rolling forecast vs. actual sales; use Mean Absolute Percentage Error (MAPE) ≤ 10 % as acceptance |
| **Warehouse inventory positions** (on‑hand, safety stock) | WMS | Cycle‑count audit on a random 5 % sample each week |
| **Fuel consumption & price** | Fuel card statements | Spot‑check receipts; regression of consumption vs. miles to detect anomalies |
| **Service‑level agreements (SLAs)** (delivery windows, penalties) | Contract database | Verify against order‑commit timestamps; ensure 95 % of windows are recorded |

Data will be ingested nightly into a central relational store. Automated scripts will run the above validation checks and generate a “data‑quality scorecard” (green/yellow/red) before any analysis proceeds.

---

### 2. Analytical / Optimization Framework  

1. **Pre‑processing** – Cleaned data feeds into a **scenario generator** that creates:
   * Alternative delivery‑day patterns (e.g., 5‑day vs. 6‑day cycles)  
   * Candidate warehouse‑store allocation matrices (regional vs. hub‑centric)

2. **Model Core** – A **Mixed‑Integer Linear Program (MILP)**:  
   * **Decision variables** – binary assignment of store to depot, continuous load per vehicle, departure times.  
   * **Objective** – minimize total cost = fuel + driver overtime + penalty cost, subject to:  
     * Vehicle capacity & driver‑hour limits  
     * SLA delivery‑window constraints  
     * Inventory balance (no stock‑out risk)  

3. **Simulation Layer** – Monte‑Carlo runs (10 000 iterations) on the MILP solution to stress‑test against demand volatility and traffic disruption, yielding confidence intervals for on‑time performance.

Software can be built in Python (PuLP/GLPK) or CPLEX‑free open‑source solvers; no external commercial packages required.

---

### 3. Recommended Practical Solutions  

| Solution | What It Changes | Expected Gains | Trade‑offs & Risks |
|----------|----------------|----------------|--------------------|
| **Dynamic Route Consolidation** – Re‑optimize routes weekly using the MILP, allowing “flex‑drops” where low‑volume stores are served from a nearer hub on off‑peak days. | Reduces average miles per vehicle (≈ 12 %); improves load factor (≈ 8 %). | Requires driver re‑training & real‑time dispatch updates; risk of temporary SLA breaches during transition. |
| **Strategic Warehouse Re‑allocation** – Shift 15 % of high‑turn SKUs to a “mid‑point” cross‑dock near the densest store cluster, creating a two‑tier distribution network. | Cuts last‑mile distance (≈ 9 % fuel saving) and buffers demand spikes (stock‑out risk ↓ 5 %). | Capital outlay for cross‑dock setup; inventory holding cost ↑; must monitor safety‑stock levels closely. |

Both solutions can be phased: pilot dynamic consolidation in Region A (3 months) while simultaneously evaluating cross‑dock feasibility in Region B.

---

### 4. KPIs & Communication  

| KPI | Target | Measurement Frequency |
|-----|--------|------------------------|
| On‑time Delivery Rate | ≥ 96 % | Daily |
| Cost per Drop (fuel + labor) | ↓ 10 % YoY | Weekly |
| Vehicle Utilization (load % & hours) | ≥",GPT-OSS-120B,openai/gpt-oss-120b,GPT-OSS-120B,5,8.0,0.0,0.2222222222222222,0.0,6,27
0,"Internal Report: Optimizing Delivery Operations

Introduction:
As an Operations Research Analyst at our logistics firm, I have conducted an analysis to identify key operational bottlenecks and propose data-driven strategies to improve overall efficiency in delivery operations.

1) Data Collection and Validation:
- Route times: Collect GPS data from delivery vehicles to track actual route times.
- Vehicle utilization: Monitor the number of deliveries per vehicle per day.
- Demand forecasts: Analyze historical data and market trends to predict future demand.
- Validation: Compare collected data with planned schedules to ensure accuracy.

2) Analytical/Optimization Framework:
- Utilize linear or mixed-integer programming to optimize delivery schedules based on factors such as delivery windows and vehicle capacity.
- Simulation modeling can be used to evaluate different warehouse allocations and their impact on delivery times and costs.

3) Practical Solutions:
- Implement dynamic routing software to optimize delivery routes in real-time, reducing fuel costs and delivery delays.
- Consolidate deliveries to minimize the number of trips and maximize vehicle utilization, even if it means slightly longer delivery windows.

- Trade-offs and risks:
- Balancing cost, service levels, and resource constraints may require trade-offs between faster delivery times and lower costs.
- Risks include potential disruptions in delivery schedules due to unforeseen events such as traffic congestion or vehicle breakdowns.

4) Key Performance Indicators (KPIs) and Communication:
- On-time rate: Measure the percentage of deliveries made within the scheduled time window.
- Cost per drop: Track the average cost per delivery to identify cost-saving opportunities.
- Utilization: Monitor the percentage of vehicle capacity utilized for each delivery.

- Results will be communicated to management through regular reports highlighting KPI trends, cost savings, and operational improvements.

By implementing these data-driven strategies and closely monitoring KPIs, we can improve delivery efficiency, reduce costs, and enhance overall customer satisfaction. Thank you for the opportunity to present these recommendations.",GPT-3.5-Turbo,gpt-3.5-turbo,GPT-3.5-Turbo,0,9.5,0.5,0.07407407407407407,0.06415002990995841,2,27
0,"Internal Report: Optimizing Logistics Operations

1. Data Collection and Validation

To address our operational challenges, we need to collect and validate the following data:

• Route data: Actual travel times, distances, and fuel consumption for each delivery route
• Vehicle utilization: Load factors, idle time, and maintenance schedules
• Demand forecasts: Historical sales data and future projections for each retail store
• Warehouse operations: Inventory levels, picking times, and order processing delays

Validation methods:
• Cross-reference GPS data with driver logs for route accuracy
• Conduct spot checks on vehicle load factors and compare with manifests
• Use statistical methods (e.g., MAPE) to assess forecast accuracy against actual sales
• Implement barcode scanning to verify warehouse data accuracy

2. Analytical Framework

We propose using a mixed-integer linear programming (MILP) model to optimize our delivery network:

Objective function: Minimize total operational costs (fuel, labor, warehousing)
Subject to constraints:
• Meeting all store demand within specified time windows
• Vehicle capacity and driver hour limitations
• Warehouse inventory and processing capacities

This model will allow us to evaluate:
• Optimal routing and scheduling of deliveries
• Ideal inventory allocation across warehouses
• Trade-offs between service levels and operational costs

We'll supplement the MILP with discrete-event simulation to account for variability and test robustness of solutions.

3. Proposed Solutions

a) Dynamic routing and scheduling
• Use real-time traffic and order data to optimize daily delivery routes
• Implement time-based delivery windows to improve efficiency
• Trade-offs: Potential for shorter routes and better vehicle utilization, but requires investment in routing software and driver training
• Risks: Initial disruption to established routes; potential resistance from drivers

b) Regional consolidation hubs
• Establish intermediate consolidation points to aggregate deliveries for nearby stores
• Enables use of larger, more efficient vehicles for long-haul transport
• Trade-offs: Reduced overall mileage and better vehicle utilization, but increased handling and potential delays
• Risks: Capital investment in new facilities; complexity in inventory management

4. Key Performance Indicators (KPIs) and Reporting

We recommend tracking the following KPIs:
• On-time delivery rate (%)
• Cost",Claude-3.5-Sonnet,anthropic.claude-3-5-sonnet-20240620-v1:0,Claude-3.5-Sonnet,6,9.5,0.5,0.07407407407407407,0.06415002990995841,2,27
