replicate_id,output,condition,assistant_model,worker_model,item_id,avg_rank,std_rank,avg_win_rate,std_win_rate,total_wins,total_games
0,"**Internal Operations Analysis Report: Delivery Efficiency & Cost Optimization**

**1. Data Collection & Validation**

To address delivery delays and rising fuel costs, we must collect and validate the following key data sets:

- **Route Times:** GPS-tracked actual vs. scheduled delivery times for each route.
- **Vehicle Utilization:** Daily logs of vehicle capacity used (%), idle times, and mileage.
- **Demand Forecasts:** Store-level historical sales data and order patterns.
- **Fuel Consumption:** Fuel usage per route and vehicle.
- **Delivery Volume:** Number of deliveries per route, per shift.
- **Warehouse Inventory Levels:** Real-time stock by SKU and location.

*Validation Approach:*
- Cross-check GPS logs with driver manifests.
- Reconcile vehicle logs and fuel receipts with telematics data.
- Use rolling demand forecasts and compare with actuals; flag variances >10% for review.
- Periodic audits of warehouse inventory vs. system records.

---

**2. Analytical & Optimization Framework**

To evaluate and improve delivery schedules and warehouse allocations, the following methodologies are recommended:

- **Mixed-Integer Programming (MIP):**  
  Formulate a vehicle routing problem (VRP) to minimize total delivery cost (fuel, labor, time) subject to constraints (vehicle capacity, delivery windows, driver hours).
- **Simulation Modeling:**  
  Simulate alternate warehouse-to-store allocations and delivery timetables to predict impacts on service levels and costs under variable demand scenarios.
- **Sensitivity Analysis:**  
  Assess how changes in demand, fuel prices, or vehicle availability affect optimal solutions.

---

**3. Recommended Solutions & Trade-offs**

**A. Dynamic Route Optimization**
- *Description:* Implement daily route planning based on real-time demand and traffic data.
- *Benefits:* Reduces fuel usage and delays by 10–20%. Improves on-time delivery.
- *Trade-offs/Risks:* Requires investment in route planning tools and driver retraining. Initial disruption possible.

**B. Hub-and-Spoke Warehouse Allocation**
- *Description:* Reassign stores to the nearest warehouse or cross-dock location, balancing load across facilities.
- *Benefits:* Reduces average delivery distance and vehicle idle time. Improves inventory availability.
- *Trade-offs/Risks:* May increase transfers between warehouses. Risk of stockouts if forecasts are inaccurate.

---

**4. KPIs & Executive Communication**

**Key Performance Indicators:**
- **On-Time Delivery Rate (%)**
- **Cost per Delivery/Drop**
- **Vehicle Utilization Rate (%)**
- **Average Delivery Lead Time (hrs)**
- **Fuel Cost per Mile**

*Communication Plan:*
- Monthly dashboard with trend graphs and exception alerts.
- Executive summary highlighting progress, bottlenecks, and recommended adjustments.
- Quarterly deep-dive reviews with scenario analysis and ROI estimates for proposed changes.

---

**Conclusion:**  
By systematically collecting validated data and applying robust optimization models, we can identify and address operational bottlenecks. The proposed solutions offer a balanced approach to cost, service, and resource constraints, with clear KPIs to track ongoing performance and support data-driven decision-making.",scaffold_GPT-4.1,GPT-4.1,gpt-3.5-turbo,1,1.0,0.0,1.0,0.0,27,27
0,"**Internal Report – Improving Delivery Efficiency**  
*Operations‑Research Analyst – National Logistics Division*  
*Prepared for Senior Management – [Date]*  

---

### 1. Data Requirements & Validation  

- **Route travel times** (stop‑to‑stop, total trip)
  - Source: GPS logs, driver handhelds
  - Validation: Cross‑check with historical averages; flag outliers > 2 σ for manual review

- **Vehicle utilization** (miles, load factor, idle time)
  - Source: Fleet telematics, load manifests
  - Validation: Reconcile mileage with odometer readings; ensure load weight matches WMS records

- **Demand forecasts per store** (units, delivery windows)
  - Source: ERP demand planning, POS trends
  - Validation: Compare forecast vs. actual sales for the past 12 months; use MAPE < 10 % as acceptance

- **Warehouse inventory & picking times**
  - Source: WMS transaction logs
  - Validation: Spot‑check random SKUs; verify that pick‑to‑ship time ≤ target 30 min

- **Fuel consumption & price**
  - Source: Fuel card data, market indices
  - Validation: Verify fuel‑per‑mile consistency across vehicle classes; adjust for price spikes

- **Labor schedules & overtime**
  - Source: HR time‑cards
  - Validation: Ensure total labor hours align with shift rosters; audit overtime entries

All datasets will be time‑stamped, cleaned for missing values, and stored in a relational warehouse with referential integrity checks.

---

### 2. Analytical / Optimization Framework  

1. **Model Formulation** – Mixed‑Integer Linear Programming (MILP)
   - Decision variables: route assignment (binary), departure times (continuous), load distribution across depots (continuous)
   - Objective: minimize total cost = fuel + driver overtime + depot handling, subject to service‑level constraints

2. **Scenario Generation** – Monte-Carlo simulation of demand and traffic variability (10,000 replications) to feed stochastic parameters into the MILP

3. **Solution Approach**
   - Use branch‑and‑bound with pre‑processing
   - Produce a Pareto frontier of cost vs. on‑time service for managerial trade‑off analysis

4. **Validation** – Compare MILP schedules against a rolling‑horizon heuristic on a hold‑out week; require ≤ 5 % cost improvement and ≥ 2 % on‑time uplift

---

### 3. Recommended Practical Solutions  

1. **Dynamic Consolidation Hub**
   - What Changes: Re‑allocate low‑volume stores to a hub that pools deliveries before final leg
   - Expected Benefit: ↓ fuel by 8 %, ↑ vehicle load factor to 85 %, reduces driver miles
   - Trade‑offs / Risks: Capital expense for hub, precise demand forecasting needed, risk of hub bottleneck

2. **Time‑Window Flexibility Incentive**
   - What Changes: Offer stores a 2‑hour flexible window for a discount
   - Expected Benefit: ↓ travel time 12 %, fuel cost ↓ 10 %, improves driver utilization to 90 %
   - Trade‑offs / Risks: Possible store resistance, need robust communication, discount impact on margin

Both options can be combined; the MILP will quantify the incremental savings versus added fixed costs.

---

### 4. Key Performance Indicators & Communication  

- **On‑Time Delivery Rate** (target ≥ 96 %)
- **Cost per Drop** (fuel + labor ÷ stops) – aim ↓ 7 % YoY
- **Vehicle Load Factor** (average % of capacity used) – target ≥ 85 %
- **Depot Throughput Time** (pick‑to‑ship) – ≤ 30 min
- **Fuel Efficiency** (gallons per mile) – improve by 5 %

**Reporting Cadence**
- **Weekly dashboard** (traffic‑adjusted on‑time, cost per drop) sent to Operations leads
- **Monthly executive brief** (trend lines, scenario ROI, risk register)
- **Quarterly deep‑dive** (simulation outcomes, cost-benefit analysis)

--- 

This report outlines the data requirements, analytical framework, practical solutions, KPIs, and communication strategy to improve delivery efficiency. By implementing these recommendations, we aim to optimize operations and achieve cost savings while maintaining service levels.",scaffold_GPT-OSS-120B,GPT-OSS-120B,gpt-3.5-turbo,5,2.3333333333333335,0.5773502691896258,0.8518518518518517,0.06415002990995838,23,27
0,"Internal Report: Data-Driven Strategies for Streamlined Inventory and Delivery Operations

Data Collection and Validation:
- Data Points:
  - Route times between hubs and retail locations
  - Vehicle utilization metrics (e.g., load capacity vs. actual loads)
  - Demand forecasts and supply levels per store
  - Fuel consumption and associated costs
  - Historical delivery performance (on-time rates, delays)
- Validation Methods:
  - Cross-referencing GPS tracking with driver logs
  - Benchmarking forecasted demand against actual sales data
  - Regular audits and calibration against industry standards
  - Real-time sensor data integration to verify fuel and load metrics

Analytical and Optimization Framework:
- Modeling Techniques:
  - Linear and Mixed-Integer Programming (MIP) for optimal route scheduling and warehouse allocations
  - Simulation models to test alternate delivery scenarios under varying conditions
- Evaluation Focus:
  - Trade-off analysis between delivery speed and cost efficiency
  - Sensitivity analysis to gauge the impact of demand surges on network performance

Strategic Recommendations:
- Route and Schedule Optimization:
  - Implement dynamic routing algorithms adjusting to live traffic and demand conditions
    - Trade-offs: Increased computational requirements vs. fuel and time savings
    - Risks: Dependency on real-time data quality and potential system integration challenges
- Warehouse and Inventory Reallocation:
  - Reassess warehouse network, positioning inventory closer to high-demand stores
    - Trade-offs: Warehouse operational adjustments and potential disruptions vs. service level improvements
    - Risks: Temporary stock imbalances and integration challenges

Key Performance Indicators (KPIs) and Communication:
- Proposed KPIs:
  - On-time delivery rate
  - Cost per drop/delivery
  - Vehicle and asset utilization metrics
  - Average route duration and fuel consumption per mile
- Communication Plan:
  - Monthly dashboard reports highlighting trends against benchmarks
  - Quarterly executive review meetings to discuss optimization outcomes
  - Regular updates via internal data portals for transparency and decision-making

By implementing these data-driven strategies, we aim to improve operational efficiency, reduce costs, and enhance service levels. This approach will help us address delivery delays and rising fuel costs effectively.",scaffold_GPT-O3-Mini,GPT-O3-Mini,gpt-3.5-turbo,4,2.6666666666666665,0.5773502691896258,0.8148148148148149,0.0641500299099584,22,27
0,"Internal Report: Optimizing Logistics Operations

Data Collection and Validation:

Key data points to collect and validate:
- Route times: GPS tracking of delivery vehicles
- Vehicle utilization: Capacity used vs. total capacity
- Demand forecasts: Historical sales data and seasonal trends
- Fuel consumption: Per vehicle and route
- Warehouse inventory levels and turnover rates
- Customer service metrics: On-time delivery rates, order accuracy

Validation methods:
- Cross-reference GPS data with driver logs
- Conduct random audits of vehicle loading
- Compare forecasts to actual sales regularly
- Implement IoT sensors for real-time fuel monitoring
- Reconcile inventory counts with warehouse management system
- Analyze customer feedback and complaints

Analytical Framework:

We propose using a mixed-integer linear programming (MILP) model to optimize our delivery network:
- Objective: Minimize total operational costs while meeting service level agreements
- Constraints: Vehicle capacity limits, driver work hour regulations, warehouse storage capacities, delivery time windows, fuel availability and costs
- Scenarios to evaluate: Alternate delivery schedules, warehouse allocation changes, fleet composition adjustments

Proposed Solutions:

a) Dynamic routing and scheduling
- Use real-time traffic and demand data to optimize daily routes
- Benefits: Reduced fuel consumption, improved on-time delivery
- Risks: Requires significant IT investment, potential driver resistance

b) Hub-and-spoke distribution model
- Establish regional hubs to consolidate shipments
- Benefits: Improved vehicle utilization, reduced overall mileage
- Risks: Initial setup costs, potential increase in delivery times for some areas

Trade-offs:
- Solution (a) offers more immediate efficiency gains but higher upfront costs
- Solution (b) provides long-term structural improvements but may temporarily disrupt operations

Key Performance Indicators (KPIs) and Reporting:

Recommended KPIs to track:
- On-time delivery rate
- Cost per delivery
- Vehicle utilization percentage
- Fuel efficiency (miles per gallon)

Communication with management:
- Regular reporting on KPIs and performance metrics
- Quarterly presentations on optimization strategies and results
- Monthly updates on progress towards operational efficiency goals

By implementing these data-driven strategies and monitoring key performance indicators, we can optimize our logistics operations and improve overall efficiency.",scaffold_Claude-3.5-Sonnet,Claude-3.5-Sonnet,gpt-3.5-turbo,6,4.5,0.5,0.5925925925925926,0.0641500299099584,16,27
0,"## Executive Summary: Optimizing Delivery Operations & Reducing Costs

As an Operations Research Analyst, I have conducted a thorough analysis of our delivery operations to identify key bottlenecks and propose data-driven strategies for efficiency improvement. 

### 1. Data Collection & Validation
- **Core datasets:** Route & transit data, vehicle utilization, demand & order data, cost data, warehouse operations.
- **Validation approach:** Cross-referencing GPS timestamps, reconciling fuel receipts, backtesting demand forecasts, auditing vehicle load scans.

### 2. Analytical & Optimization Framework
- **Stage A (Diagnostic Simulation):** Discrete-event simulation to identify bottlenecks without altering operations.
- **Stage B (Prescriptive Optimization):** Mixed-integer programming model to optimize warehouse-to-store allocation, delivery frequency & scheduling, fleet routing.

### 3. Recommended Solutions
1. **Dynamic Route Consolidation:** Shift low-volume stores to 3×/week delivery, merge adjacent routes. *Expected impact:* fuel savings, fewer truck-miles.
   - **Trade-off:** Reduced delivery frequency may lower fill rates at small stores.
2. **Warehouse Reallocation with Zone Balancing:** Reassign store accounts to nearer warehouses, reducing transit time, improving on-time rate.
   - **Trade-off:** Transition period may cause short-term disruptions; some warehouses face higher throughput.

### 4. KPIs & Management Communication
- **Key Performance Indicators:** On-time delivery rate, cost per drop, vehicle utilization, fuel cost per mile, forecast accuracy.
- **Reporting cadence:** Executive dashboard with visual scorecard updated weekly, monthly review comparing actuals to projections.

By implementing these solutions and closely monitoring KPIs, we can optimize our delivery operations, reduce costs, and improve service levels. This data-driven approach will enable us to make informed decisions and drive operational excellence.",scaffold_Claude-Opus-4.6,Claude-Opus-4.6,gpt-3.5-turbo,8,4.833333333333333,0.2886751345948129,0.5555555555555556,0.0,15,27
0,"**To:** Senior Management  
**From:** Operations Research Analyst  
**Date:** October 26, 2023  
**Subject:** Data-Driven Strategies to Improve Delivery Efficiency  

### 1. Data Collection & Validation

To diagnose bottlenecks, we need integrated data from our Transportation Management (TMS), Warehouse Management (WMS), and Enterprise Resource Planning (ERP) systems.

* **Key Datasets:** Historical delivery times, real-time vehicle location/GPS, fuel consumption, vehicle capacity & utilization, order volume/demand forecasts, and per-stop unloading times.
* **Validation:** Cross-reference TMS timestamps with GPS logs, clean data to remove outliers, and validate demand forecasts against historical accuracy.

### 2. Analytical Framework

Utilize a two-pronged approach:

* **Route Optimization (MIP):** Generate optimal delivery sequences and schedules to minimize total distance while respecting constraints.
* **Network Simulation:** Build a model to evaluate changes' impact on system-wide performance and assess trade-offs between cost and service level.

### 3. Recommended Solutions & Trade-offs

| Solution | Benefit | Trade-off / Risk |
| :--- | :--- | :--- |
| **1. Dynamic Route Scheduling:** Optimize delivery routes weekly based on forecasted demand and real-time traffic patterns. | Reduces fuel cost and improves on-time delivery rates. | Requires cultural shift for drivers accustomed to fixed routes. Initial resistance is a risk that must be managed.
| **2. Warehouse Re-allocation:** Re-allocate high-volume stores to be serviced by the nearest warehouse. | Lowers average distance per delivery, reducing fuel and fleet wear-and-tear. | May increase complexity in warehouse management and inventory placement. Requires enhanced coordination between warehouse teams.

### 4. KPIs & Communication

Track:
* **Primary KPIs:** On-Time Delivery Rate, Cost per Delivery, Fuel Consumption per Mile.
* **Secondary KPIs:** Vehicle Utilization, Route Deviation Rate.

Communicate progress via a monthly executive dashboard, highlighting improvements in KPIs against baselines and linking actions to outcomes for clear insight.",scaffold_DeepSeek-V3.1,DeepSeek-V3.1,gpt-3.5-turbo,2,5.833333333333333,0.7637626158259734,0.48148148148148145,0.06415002990995844,13,27
0,"Executive Summary:

In order to optimize delivery efficiency and address concerns about delivery delays and rising fuel costs, it is essential to focus on data collection, validation, analytical frameworks, recommended solutions, and key performance indicators (KPIs) for monitoring and communication.

1. Data Collection & Validation:
- Data elements to collect include route telemetry, vehicle metrics, order information, demand forecasts, infrastructure details, and external factors.
- Validation methods involve cross-checking GPS logs, reconciling fuel cards, conducting statistical audits, and implementing a monthly data-quality scorecard.

2. Analytical & Optimization Framework:
- Utilize Mixed-Integer Programming (MIP) to minimize total costs and ensure constraints are met.
- Implement Discrete-Event Simulation to model peak vs. off-peak operations and evaluate service-level impacts under stochastic demand.
- Conduct scenario testing and sensitivity analysis to identify robust solutions.

3. Recommended Solutions & Trade-Offs:
A) Dynamic Route Optimization: Re-optimize routes in near real-time for fuel and on-time delivery improvements.
B) Hub-and-Spoke Consolidation: Route small stores through regional hubs for cost savings.
C) Tiered Delivery Windows (Pilot): Offer differential pricing for delivery slots to shift cost-sensitive volumes to off-peak times.

4. KPIs & Management Communication:
- Monitor KPIs such as on-time delivery rate, cost per drop, vehicle utilization, forecast accuracy, and route duration.
- Communicate results through weekly dashboards, monthly executive summaries, and quarterly deep-dive analyses to ensure alignment and rapid response to emerging bottlenecks.

By implementing these strategies and monitoring KPIs closely, the logistics firm can achieve 10-15% cost savings while maintaining or improving service levels. Continuous improvement initiatives and clear communication with management will be key to success in optimizing delivery efficiency.",scaffold_GPT-O4-Mini,GPT-O4-Mini,gpt-3.5-turbo,3,6.833333333333333,0.2886751345948129,0.3703703703703704,0.0641500299099584,10,27
0,"**MEMORANDUM**

**To:** Senior Management  
**From:** Operations Research Analyst  
**Subject:** Optimization Strategies to Mitigate Delivery Delays and Fuel Costs  

**1. Data Collection & Validation**  
To accurately diagnose operational bottlenecks, we must collect and validate the following data:
*   **Routing & Telematics:** GPS transit times, idle times, and fuel consumption per route.
*   **Resource Utilization:** Vehicle fill rates, warehouse loading/unloading times.
*   **Demand Data:** Historical order volumes and seasonal forecasts.

*Validation:* Cross-reference telematics data with electronic logging devices. Validate demand forecasts through holdout testing.

**2. Analytical & Optimization Framework**  
Deploy a two-stage Operations Research framework:
*   **Mixed-Integer Linear Programming (MILP):** Minimize logistics costs with constraints.
*   **Discrete Event Simulation:** Stress-test optimized schedules.

**3. Recommended Solutions & Trade-Offs**  
Propose evaluating two primary strategies:
*   **Dynamic Route Consolidation:** Maximizes vehicle utilization but reduces predictability.
    *   *Trade-off:* Reduced predictability for stores, potential pushback.
*   **Forward Inventory Allocation:** Shortens transit distance but increases costs.
    *   *Trade-off:* Increased inventory holding costs, potential stockouts.

**4. KPIs & Executive Communication**  
Monitor KPIs:
*   **On-Time Delivery Rate (%)**
*   **Cost Per Drop ($)**
*   **Vehicle Capacity Utilization (%)**

*Communication:* Track performance via executive dashboard and monthly strategic reviews.",scaffold_Gemini-3.1-Pro,Gemini-3.1-Pro,gpt-3.5-turbo,9,8.333333333333334,0.5773502691896258,0.1851851851851852,0.06415002990995841,5,27
0,"**Internal Report: Improving Delivery Efficiency and Controlling Fuel Costs**

**Objective**
To identify operational bottlenecks driving delivery delays and fuel spend, and recommend data-driven actions to improve efficiency without overextending fleet or warehouse capacity.

1) **Data Collection and Validation**
- Core data: Route execution, fleet utilization, demand and inventory, warehouse operations, service outcomes.
- Validation approach: Reconcile records, flag outliers, compare forecast vs. actual, audit routes and warehouse shifts, standardize definitions.

2) **Analytical / Optimization Framework**
- Diagnostic layer: Use descriptive analysis to isolate delay drivers, segment by region/store type.
- Optimization layer: Utilize Mixed-Integer/Linear Programming and Simulation to optimize routes, schedules, and warehouse allocations.

3) **Recommended Actions**
A. Redesign delivery schedules and route consolidation: Shift stores to alternate days, consolidate routes to improve load factor.
B. Rebalance warehouse allocations: Reassign stores to closer warehouses, adjust cut-off times to smooth outbound peaks.

4) **KPIs and Executive Communication**
- KPIs: On-time delivery rate, cost per drop, fuel per mile, vehicle utilization, warehouse order release timeliness, forecast accuracy.
- Communication: Monthly executive dashboard with performance, root causes, scenario comparisons, expected savings, and a decision log for actions, risks, and next steps.

By implementing these strategies and monitoring key metrics, we can improve delivery efficiency, control fuel costs, and enhance overall operational performance.",scaffold_GPT-5.4,GPT-5.4,gpt-3.5-turbo,7,8.666666666666666,0.5773502691896258,0.14814814814814814,0.06415002990995841,4,27
0,"Internal Report: Improving Logistics Efficiency

1. Data Collection and Validation:
- Collect data on route times, vehicle utilization, and demand forecasts to identify bottlenecks.
- Validate data through GPS tracking, driver logs, and historical sales data to ensure accuracy.

2. Analytical/Optimization Framework:
- Utilize linear/mixed-integer programming or simulation models to evaluate alternate delivery schedules or warehouse allocations.
- Optimize routes based on factors such as delivery time windows, vehicle capacity, and demand variability.

3. Recommended Solutions:
a. Implement dynamic routing software to optimize delivery routes in real-time, reducing fuel costs and improving on-time delivery.
b. Consolidate warehouse operations to reduce transportation costs and improve inventory management.

- Trade-offs: Increased upfront costs for software implementation vs. long-term savings on fuel and labor costs.
- Risks: Potential resistance from drivers to changes in route schedules or warehouse operations.

4. Key Performance Indicators (KPIs) to Monitor:
- On-time delivery rate: Measure the percentage of deliveries made within the specified time window.
- Cost per drop: Track the cost of each delivery to identify inefficiencies in the logistics process.
- Vehicle utilization: Monitor the percentage of time each vehicle is in use to maximize efficiency.

- Communicating Results:
- Provide regular updates to management on KPIs and performance metrics through dashboards or reports.
- Present findings in meetings to discuss potential improvements and address any issues that arise.

By implementing these data-driven strategies and monitoring key performance indicators, we can improve overall efficiency in our logistics operations and address the challenges of delivery delays and rising fuel costs.",plain,plain,gpt-3.5-turbo,0,10.0,0.0,0.0,0.0,0,27
