replicate_id,output,condition,model_id,model_label,item_id,total_wins,total_games,avg_win_rate,avg_rank,std_rank,std_win_rate,judge_model,judge_label
0,"Of course. Here is a briefing on the U.S. natural gas market outlook for 2026.

***

### **Briefing: U.S. Natural Gas Market Outlook for 2026**

Good morning. Based on current trajectories, here are the key bullish and bearish trends we anticipate will drive U.S. natural gas prices in 2026.

#### **Three Bullish (Positive) Trends**

1.  **Robust Growth in LNG Export Capacity:** The completion and ramp-up of new liquefaction trains, notably the Golden Pass and Plaquemines facilities, will significantly increase U.S. LNG export capacity. This creates a structural, price-insensitive source of demand that links the U.S. Henry Hub price more directly to volatile international (JKM) prices, particularly during periods of global supply disruption or high Asian and European demand.

2.  **Declining Associated Gas Production:** Higher oil prices often incentivize drilling in oil-rich plays like the Permian Basin. However, we are observing a trend of more capital discipline from producers and a focus on shareholder returns rather than unrestrained growth. This could lead to flatter oil production growth, which in turn limits the supply of ""associated"" gas—a natural gas byproduct of oil drilling that has been a major source of supply growth. Tighter oil markets could paradoxically tighten the gas market.

3.  **Policy-Driven Domestic Demand Shifts:** The ongoing retirement of coal-fired power plants will continue to bolster demand for natural gas as the primary baseload power generation fuel. While renewables are growing, their intermittency (solar/wind not always available) ensures a crucial role for flexible, dispatchable natural gas generation, especially during peak demand periods, supporting consistent underlying demand.

#### **Three Bearish (Negative) Trends**

1.  **Volatile Weather-Dependent Demand:** The single largest unknown remains the weather. A mild winter (low Heating Degree Days) and a mild summer (low Cooling Degree Days) can drastically reduce demand for heating and air conditioning. In a market increasingly dependent on LNG exports for price support, a string of mild weather events can lead to a rapid oversupply situation, overwhelming storage injection capacity and cratering prices, as domestic demand alone may not be enough to balance the market.

2.  **Persistent Infrastructure Constraints:** While LNG export capacity is growing, domestic pipeline infrastructure, particularly takeaway capacity from key producing regions like the Appalachian Basin, remains contested and difficult to build due to regulatory and political hurdles. This can create localized gluts, depressing prices at major trading hubs like the Dominion South point, and widen basis differentials to the Henry Hub benchmark, creating volatility and inefficiency.

3.  **Renewable Energy Generation Growth & Efficiency Gains:** The relentless addition of utility-scale solar and wind generation will increasingly displace gas-fired power during certain hours of the day, particularly in the shoulder seasons (spring and fall). Furthermore, improvements in energy efficiency (appliances, buildings, industrial processes) act as a persistent, slow-burn headwind against demand growth, capping the long-term upward potential for gas consumption in the power and residential sectors.

### **Overall Outlook Summary**

The outlook for 2026 is one of **high volatility within a range-bound market**. Prices will be pulled upward by structural LNG demand and disciplined supply but capped by the threat of weather-related demand destruction and growing renewable penetration. **Investors and companies should prepare for sharp price swings** driven by weather events and global LNG disruptions, rather than a sustained, directional bull or bear market. Success will depend on flexibility, robust risk management strategies, and a focus on infrastructure assets with firm contracts.",automation_DeepSeek-V3.1,deepseek-ai/DeepSeek-V3.1,DeepSeek-V3.1,2,7,8,0.875,1.5,,,google/gemini-3.1-pro,Gemini-3.1-Pro
0,"Three bullish (price-supporting) trends for U.S. natural gas in 2026

1) Rising LNG export demand and U.S. export capacity
- New U.S. liquefaction trains and higher global LNG demand tighten domestic balances by diverting more pipeline gas to export, reducing available supply for the domestic market and drawing down storage when global demand spikes. Policy and permitting that favor exports and expanded pipeline/port infrastructure amplify this effect.

2) Stronger peak power demand from hotter summers and electrification
- More frequent heat waves and continued electrification (EV charging, cooling load growth) raise summertime gas burn for flexible combined-cycle plants, increasing seasonal volatility and reducing injection capacity for storage. Weather-driven peaks compress margins and can lift near-term prices.

3) Constrained upstream growth due to capital discipline and regulatory headwinds
- Continued industry focus on returns, lower gas-directed drilling, and tighter permitting or methane rules can slow production growth; with takeaway constraints in some basins this reduces incremental supply, supporting prices especially in tighter regional hubs.

Three bearish (price-weakening) trends for U.S. natural gas in 2026

1) Accelerating penetration of renewables and batteries in power generation
- Rapid additions of wind, solar, and utility-scale batteries reduce gas-fired generation hours and flatten seasonal swings, lowering overall gas demand for power; improved forecasting and storage also blunt weather-driven price spikes.

2) Faster building electrification and energy efficiency
- Heat-pump adoption, tighter building codes, and industrial electrification programs (driven by policy incentives) gradually reduce residential and commercial gas consumption, weakening structural demand and long-term price support.

3) Improved storage rebuilds and more flexible midstream infrastructure
- Expanded underground storage, expanded interstate pipeline capacity, and better flow optimization increase supply resilience; milder winters or well-supplied storage cycles can relieve tightness quickly and cap spot price spikes—even with strong LNG flows.

How these factors interact (brief)
- Supply-side constraints (drilling discipline, regulations, pipeline bottlenecks) and demand drivers (LNG exports, hotter summers, electrification) push in opposite directions: LNG and weather-driven power demand tighten markets, while renewables, efficiency, and electrification lower domestic gas consumption. Storage and infrastructure are the shock absorbers—ample storage and greater takeaway capacity mute price swings, whereas low inventories and constrained pipelines amplify them. Policy choices (export approvals, methane rules, clean-energy incentives) determine the pace and balance of these trends and therefore the timing and volatility of price moves.

Overall outlook (2–3 sentences)
Expect a higher average price baseline in 2026 versus the pre-export era with continued short-term volatility driven by weather and LNG cycles. Investors and companies should favor flexible, export-connected, or midstream assets that capture basis and seasonal spreads, while managing downside risk from accelerating renewables, electrification, and policy shifts through portfolio diversification and active hedging.",automation_GPT-5-Mini,gpt-5-mini-2025-08-07,GPT-5-Mini,6,7,8,0.875,1.5,,,google/gemini-3.1-pro,Gemini-3.1-Pro
0,"Positive (Bullish) Trends  
1. LNG export expansion  
   - New export terminals (e.g., Calcasieu, Plaquemines) come online, boosting U.S. gas demand by 2–3 bcfd. Robust Asian and European buying supports domestic prices.  
2. Pipeline infrastructure build-out  
   - Expanded takeaway capacity from the Marcellus and Permian reduces regional basis discounts, tightening the national supply balance and underpinning Henry Hub.  
3. Strong summer cooling demand  
   - Forecasts for above-normal July–August temperatures drive incremental gas‐fired power generation, lifting peak‐season pricing patterns.  

Negative (Bearish) Trends  
1. Ongoing shale supply growth  
   - Efficiency gains in the Haynesville and Powder River Basin keep dry-gas production near record highs, exerting downward pressure on spot prices.  
2. Mild winter outlook  
   - National forecast models project below-average heating‐degree‐days, curbing seasonal drawdowns and limiting the traditional winter price rally.  
3. Elevated storage inventories  
   - Working gas stocks entering April were within the top decile of the five-year range, reducing volatility and capping upside in forward curves.  

How factors interact  
Supply surges from shale and ample storage cushion prices against weather swings, while new pipelines and LNG outlets channel excess gas to higher‐value markets. Mild winters and record inventories dampen demand-side support, even as hot summers and global export growth act as counter-vailing forces. Policy moves on methane regulation and export permitting continue to shape infrastructure timelines and cost structures.  

Overall outlook  
The U.S. gas market in 2026 faces offsetting drivers: export-led demand growth and infrastructure gains versus ample domestic supply and high inventories. Investors should watch weather forecasts, stock levels, and export ramp-ups. Energy firms with flexible production and strong midstream access are best positioned to weather price volatility.",automation_GPT-O4-Mini,o4-mini-2025-04-16,GPT-O4-Mini,8,5,8,0.625,3.5,,,google/gemini-3.1-pro,Gemini-3.1-Pro
0,"**U.S. Natural‑Gas Market – 2026 Outlook**  
*Briefing for: [Client Name]*  
*Date: [Insert Date]*  

---

## Bullish (price‑supporting) Trends  

| # | Trend | Why it supports prices in 2026 | Key drivers & interactions |
|---|-------|--------------------------------|----------------------------|
| **1** | **Tight winter‑season supply‑demand balance** | A colder‑than‑average December‑February pattern (driven by a persistent Arctic vortex) is projected to lift heating demand by 3‑5 % YoY, while production growth has slowed to <1 % due to aging shale wells. | • **Demand:** Higher residential/commercial heating loads.<br>• **Supply:** Declining well‑head output and limited new drilling because of tighter capital markets.<br>• **Storage:** Pre‑winter inventories are projected at 1.2 Tcf—below the 5‑year average—leaving little buffer. |
| **2** | **Expansion of LNG export contracts to Europe & Asia** | Two new floating‑storage‑and‑regasification unit (FSRU) projects are slated to begin service in Q3 2026, adding ~3 MMcf/d of export capacity. Long‑term contracts tied to European gas‑price indices and emerging Asian spot markets create a steady outflow of U.S. gas, tightening domestic supply. | • **Exports:** Higher forward‑sale volumes lock in demand at premium levels.<br>• **Policy:** Continued support from the Inflation Reduction Act (IRA) for clean‑fuel export infrastructure.<br>• **Infrastructure:** New FSRUs bypass pipeline bottlenecks, accelerating gas movement from the Permian to the Gulf. |
| **3** | **Regulatory limits on new pipeline capacity in the Northeast** | The Federal Energy Regulatory Commission (FERC) has delayed approval of the “Eagle‑North” expansion pending environmental review. With limited pipeline relief, regional price differentials (NY hub vs. Henry Hub) are expected to widen, pushing up the national benchmark. | • **Infrastructure:** Constrained pipeline capacity raises localized scarcity premiums.<br>• **Policy:** Stronger environmental scrutiny slows new mid‑stream projects.<br>• **Storage:** Higher regional spot prices incentivize storage withdrawals, further depleting inventories. |

---

## Bearish (price‑depressing) Trends  

| # | Trend | Why it drags prices down in 2026 | Key drivers & interactions |
|---|-------|--------------------------------|----------------------------|
| **1** | **Accelerated renewable‑generation growth and demand‑side electrification** | Solar + wind capacity additions are on track to exceed 30 GW in 2026, while industrial and residential electrification (heat pumps, electric furnaces) reduces gas‑fired heating demand by an estimated 2 % YoY. | • **Demand:** Shift from gas‑fired to electric loads reduces baseload consumption.<br>• **Policy:** State clean‑energy standards (e.g., California’s 2030 target) accelerate the transition.<br>• **Weather:** Even with a cold winter, the net demand impact is muted by electric substitution. |
| **2** | **Higher-than‑expected domestic production from the Bakken and Haynesville** | Recent drilling incentives in North Dakota and Texas, coupled with improved completion technologies, are projected to lift dry‑gas output by ~0.8 MMcf/d in Q2‑Q4 2026, adding ~2 Tcf of new supply to the market. | • **Supply:** New well productivity offsets declines elsewhere.<br>• **Infrastructure:** Existing pipeline corridors can handle the incremental flow, preventing bottlenecks.<br>• **Storage:** Elevated production feeds storage, pushing end‑of‑year inventories toward 1.5 Tcf, a comfortable cushion. |
| **3** | **Federal carbon‑pricing proposals stalled** | The administration’s proposed carbon fee has been delayed in Congress, leaving no immediate cost penalty on gas‑fired generation. Without a price signal, utilities continue to favor gas over coal or oil, keeping demand relatively flat. | • **Policy:** Absence of carbon pricing removes a potential demand‑reduction lever.<br>• **Market sentiment:** Investors anticipate a “policy‑pause,” reducing speculative upside in gas futures.<br>• **Weather:** Mild spring temperatures further depress early‑year consumption. |

---

## How the Factors Interact  

- **Supply vs. Demand:** Tight winter demand (Trend 1‑Bull) collides with a modest rebound in dry‑gas production (Trend 2‑Bear). The net effect hinges on the magnitude of the cold spell and the speed of new well completions.  
- **Weather & Storage:** A colder winter erodes already‑low storage, amplifying price support, while a mild spring offsets some of that pressure.  
- **LNG Exports & Infrastructure:** New FSRU capacity (Bull 2) creates a permanent export pipeline, but delayed on‑shore pipelines (Bull 3) limit domestic redistribution, creating regional price spikes.  
- **Policy & Renewables:** The lack of a carbon price (Bear 3) and aggressive renewable targets (Bear 1) pull demand in opposite directions, leading to a more volatile price environment that is highly sensitive to short‑term weather and inventory swings.  

---

### Bottom‑Line Outlook (2‑3 sentences)

In 2026 the U.S. natural‑gas market is poised for a **narrow, volatility‑driven price band**: cold‑weather demand and expanding LNG exports provide upside, while accelerating renewable adoption, renewed domestic production, and stalled carbon‑pricing policies temper that upside. Investors should focus on **mid‑stream assets with flexible transport capacity** and **storage‑linked contracts**, which can capture price differentials across regional spikes and troughs. Companies that can hedge against both weather‑driven demand swings and policy‑induced demand shifts will be best positioned to thrive.",automation_GPT-OSS-120B,openai/gpt-oss-120b,GPT-OSS-120B,9,5,8,0.625,3.5,,,google/gemini-3.1-pro,Gemini-3.1-Pro
0,"# U.S. Natural Gas Market Briefing: 2026 Outlook

## Three Bullish Trends

**1. LNG Export Capacity Expansion**
New liquefaction facilities (notably Plaquemines, Corpus Christi Stage III, and the ramp-up at Golden Pass) are pulling significant volumes off the domestic market. This structural increase in export demand tightens the supply-demand balance and links U.S. prices more closely to higher international benchmarks, providing upward price support.

**2. Surging Power Demand from Data Centers and Electrification**
AI-driven data center growth, broader electrification, and the retirement of coal plants are driving electricity demand higher. Gas remains the primary ""swing"" fuel for power generation, so this creates a durable new demand pillar that competes with exports and heating loads.

**3. Disciplined Producer Supply Response**
Following a period of weak prices, many producers curtailed activity and prioritized capital discipline over volume growth. This restraint—combined with declining Haynesville activity—can keep production from outpacing demand, supporting a price recovery.

## Three Bearish Trends

**1. Record Associated Gas Production**
Robust oil drilling in the Permian Basin generates large volumes of associated gas as a byproduct. This supply comes online regardless of gas prices, creating a persistent oversupply risk that can cap rallies.

**2. Mild Weather Risk and Storage Overhang**
A warm winter or cool summer dampens both heating and cooling demand. If injection seasons leave storage well above the five-year average, the surplus pressures prices downward—weather remains the single largest near-term price wildcard.

**3. Infrastructure Bottlenecks**
Pipeline constraints (especially out of the Permian and Appalachia) can trap gas in producing regions, creating localized price weakness and occasional negative pricing at hubs like Waha, even when national demand is firm.

## How the Factors Interact

These forces are deeply interconnected. **LNG exports and power demand** pull on the same supply that **associated and Haynesville production** provide, while **storage levels** act as the buffer that absorbs imbalances. **Weather** swings demand sharply in both directions, and **infrastructure** determines whether supply can physically reach demand centers or export terminals. **Policy**—permitting decisions on pipelines and LNG terminals—can either unlock or constrain these flows over time. The net price outcome depends on whether demand growth (exports + power) outpaces the steady drip of associated supply.

## Overall Outlook

The 2026 setup leans **cautiously bullish but volatile**, as structurally rising LNG and power demand provide a firmer price floor than in recent years, even amid abundant supply. Investors should expect meaningful price swings driven by weather and storage surprises, favoring exposure to LNG infrastructure, low-cost producers, and midstream assets positioned to relieve bottlenecks. Companies should hedge against downside weather risk while positio",automation_Claude-Opus-4.8,anthropic/claude-opus-4-8,Claude-Opus-4.8,0,4,8,0.5,5.5,,,google/gemini-3.1-pro,Gemini-3.1-Pro
0,"Certainly! Here’s a concise briefing on the U.S. natural gas market in 2026, highlighting three bullish and three bearish trends, with discussion on key factors:

**Bullish (Positive) Trends:**

1. **Rising LNG Exports:** U.S. LNG export capacity is expected to expand further in 2026, with new terminals coming online and robust global demand, especially from Europe and Asia. This supports higher domestic prices as more supply is shipped overseas.

2. **Weather-Driven Demand:** Recent years have seen more frequent extreme weather events—hotter summers (boosting power sector demand for cooling) and colder winters (increasing heating needs). Such volatility can drive up spot and futures prices.

3. **Slower Production Growth:** Regulatory hurdles, labor shortages, and infrastructure bottlenecks (e.g., pipeline constraints in key basins) may slow the pace of new supply, tightening the market and supporting higher prices.

**Bearish (Negative) Trends:**

1. **High Storage Levels:** Entering 2026, U.S. natural gas storage is above the five-year average due to mild weather in late 2025 and strong production, which can cap price rallies and provide a buffer against supply shocks.

2. **Potential Demand Destruction:** High prices in prior years have incentivized fuel switching (to renewables or coal) and efficiency improvements in the power and industrial sectors, potentially limiting demand growth.

3. **Policy and Regulatory Risks:** Uncertainty around federal and state policies—such as new methane regulations, permitting delays, or restrictions on new infrastructure—could dampen investment sentiment and create volatility.

**Interaction of Factors:**

Supply, demand, weather, storage, LNG exports, infrastructure, and policy all interact dynamically. For example, a hot summer (weather) spikes demand, but if storage is ample, price spikes may be muted. Strong LNG exports tighten domestic supply, but if infrastructure (pipelines, terminals) lags, exports can’t grow as fast. Policy changes can either encourage or restrict production and exports, shaping long-term supply/demand balance.

**Summary Outlook:**

Overall, the U.S. natural gas market in 2026 is poised for volatility, with bullish export and weather-driven demand trends countered by high storage and policy uncertainties. Investors and companies should prepare for price swings and closely monitor infrastructure developments and regulatory signals, as these will be critical in shaping market direction and profitability this year.",automation_GPT-4.1,gpt-4.1,GPT-4.1,5,4,8,0.5,5.5,,,google/gemini-3.1-pro,Gemini-3.1-Pro
0,"Below is an analysis of six key trends—with three factors likely to push natural gas prices upward (bullish) and three likely to put downward pressure on prices (bearish)—and how supply, demand, weather, storage, LNG exports, infrastructure, and policy interlink in this evolving market.

Bullish Trends:
1. Rising LNG export demand: As U.S. producers lock in long‐term export contracts, more domestically produced natural gas is shipped overseas. This shift tightens domestic supply during peak demand periods, and policy incentives supporting export competitiveness further bolster price support.
2. Potential for extreme weather: Forecasts pointing to colder-than-average conditions or unpredictable winter storms can heighten heating demand dramatically. With limited storage buffers in some regions due to recent drawdowns, sudden weather-driven demand spikes can push prices higher.
3. Restrictive policy measures and environmental regulation: New federal or state policies aimed at reducing emissions or delaying permitting processes for new projects could constrain production growth. This regulatory tightening, combined with infrastructure challenges, pressures supply and supports higher natural gas prices.

Bearish Trends:
1. Continued surge in domestic production: Advances in shale extraction and fracking technology, along with favorable market conditions for increased drilling, are likely to keep domestic supply high. With robust production, excess volumes can limit price increases even if demand fluctuates.
2. Expanded pipeline and storage infrastructure: Significant investments in LNG processing facilities, pipeline capacity, and storage hubs continue to ease supply distribution. This improved infrastructure reduces regional shortages and smooths out price volatility by efficiently channeling surplus gas during off-peak periods.
3. Milder winter weather scenarios: Forecasts of warmer-than-expected winter temperatures can dampen heating demand. When combined with an oversupplied market, lower weather-related demand helps keep prices subdued, counteracting any upward pressure from export commitments.

Overall, the outlook for 2026 in the U.S. natural gas market is mixed, with key bullish factors such as export-driven supply tightening and weather-driven demand surges balanced by strong domestic production, infrastructure expansions, and milder weather scenarios. Investors and companies should be prepared for periods of volatility—where policy decisions and weather extremes could rapidly change market dynamics—making flexible strategies and risk management essential.",automation_GPT-O3-Mini,o3-mini-2025-01-31,GPT-O3-Mini,7,3,8,0.375,7.0,,,google/gemini-3.1-pro,Gemini-3.1-Pro
0,"Positive trends:
1. Increased demand for natural gas: The growing shift towards cleaner energy sources and the retirement of coal-fired power plants is expected to drive up demand for natural gas in the U.S.
2. LNG exports: The expansion of LNG export terminals and increasing global demand for natural gas is likely to boost prices and provide additional revenue streams for U.S. producers.
3. Infrastructure investments: Continued investments in pipeline infrastructure and storage capacity will help ensure reliable supply and support price stability in the market.

Negative trends:
1. Weather volatility: Unpredictable weather patterns, such as extreme cold snaps or heatwaves, can impact natural gas demand for heating or cooling, leading to price fluctuations.
2. Policy uncertainty: Changes in regulations or government policies related to energy production and emissions could create uncertainty for natural gas producers and investors, potentially affecting prices.
3. Competition from renewables: The continued growth of renewable energy sources, such as wind and solar, could pose a challenge to natural gas as a primary energy source, potentially dampening demand and prices.

Overall outlook:
Investors and companies in the energy sector should closely monitor market dynamics, including supply and demand trends, weather patterns, infrastructure developments, and policy changes, to make informed decisions. While positive factors like increased demand and LNG exports may support natural gas prices, negative factors like weather volatility and competition from renewables could introduce volatility and uncertainty. Diversification and risk management strategies will be key for navigating the complex and evolving landscape of the U.S. energy market in 2026.",automation_GPT-3.5-Turbo,gpt-3.5-turbo,GPT-3.5-Turbo,4,1,8,0.125,8.0,,,google/gemini-3.1-pro,Gemini-3.1-Pro
0,"# U.S. Natural Gas Market Briefing: 2026 Outlook

---

## BULLISH TRENDS

### 1. Surging LNG Export Capacity Tightening Domestic Supply
Several major LNG export terminals that entered construction phases between 2022 and 2024 — including expansions along the Gulf Coast — are reaching operational capacity by 2025–2026. This structurally redirects a meaningful share of domestic production toward international buyers, particularly in Europe and Asia, where demand remains robust following the post-Ukraine energy realignment. The result is a persistent tightening of the domestic supply-demand balance. Even modest increases in export volumes can meaningfully reduce the gas available for U.S. storage injections, creating upward price pressure that is less cyclical and more structural in nature. Investors should treat LNG export growth as a **durable, multi-year bullish catalyst** rather than a temporary spike.

---

### 2. Accelerating Power Sector Demand Driven by AI and Data Centers
Electricity demand in the United States, which had been relatively flat for over a decade, is now growing at a pace not seen since the early 2000s. The primary driver is the explosive buildout of data centers to support artificial intelligence infrastructure, cloud computing, and electrification of industrial processes. Natural gas-fired generation is uniquely positioned to meet this demand because it can be dispatched on short notice, unlike nuclear or large-scale renewables, which face long permitting and construction timelines. Grid operators in Texas, the Mid-Atlantic, and the Southeast are already signaling that gas peaking and combined-cycle plants will be essential through at least the end of the decade. This demand pull is **additive to LNG export demand**, compressing the available supply cushion further.

---

### 3. Weather Volatility and Climate-Driven Demand Spikes
The pattern of extreme weather events — prolonged winter cold snaps and record summer heat waves — has become a reliable feature of the U.S. climate landscape rather than an anomaly. In 2026, above-normal cooling degree days during summer and heating degree days during winter are plausible scenarios that would simultaneously draw down storage inventories and spike spot prices. Critically, infrastructure constraints in certain regions mean that even when national supply is adequate, localized price dislocations can be severe. Weather-driven demand is inherently unpredictable, but the **asymmetric upside risk** it creates is a bullish factor for producers and holders of physical gas positions.

---

## BEARISH TRENDS

### 1. Elevated Production Levels and Persistent Supply Overhang
U.S. dry natural gas production has remained near record highs, driven by the Permian Basin's associated gas output and continued development in the Marcellus and Haynesville shales. Even with LNG exports absorbing more volume, total production capacity has grown faster than export infrastructure can fully accommodate in the near term. Associated gas — produced as a byproduct of oil drilling — is particularly insensitive to gas prices, meaning producers will not curtail output even when prices are low. This creates a structural **ceiling on sustained price rallies**, as any meaningful price increase incentivizes incremental production that quickly rebalances the market. The supply overhang remains the single most important bearish counterweight to the bullish demand story.

---

### 2. Storage Uncertainty and the Risk of Comfortable Inventory Levels
If the 2025–2026 winter proves milder than expected — a real possibility given the variability of La Niña and El Niño cycles — storage inventories entering spring 2026 could be at or above the five-year average. Comfortable storage levels historically suppress the urgency for buyers to lock in forward contracts at elevated prices, dampening the summer injection season price floor. The **storage dynamic is a critical swing variable**: when inventories are well-supplied, it removes the weather risk premium from prices and signals to the market that near-term supply is adequate. A scenario where storage ends the winter above 2.0 Tcf would likely keep Henry Hub prices range-bound or under pressure through mid-year.

---

### 3. Policy and Regulatory Headwinds on Infrastructure Permitting
Despite a generally more permissive regulatory posture at the federal level in 2025–2026, pipeline infrastructure development continues to face meaningful delays from state-level environmental reviews, legal challenges from advocacy groups, and FERC procedural timelines. The bottleneck is not necessarily the absence of political",automation_Claude-Sonnet-4.6,anthropic/claude-sonnet-4-6,Claude-Sonnet-4.6,1,0,8,0.0,9.0,,,google/gemini-3.1-pro,Gemini-3.1-Pro
0,"<think>
**Forecasting Energy Futures**

I'm currently analyzing the U.S. natural gas market for 2026, identifying three key upward price pressures: substantial growth in LNG export capacity, increasing power demand from data centers, and infrastructure bottlenecks limiting new supply. Counterbalancing these, I'm noting three downward pressures: high associated gas production, elevated storage inventories, and faster renewable energy integration. The interplay of these factors suggests a volatile market for investors.

 
</think>

**Client Briefing: U.S. Natural Gas Market Outlook for 2026**

Welcome. As we look at the U.S. natural gas market in 2026, we are navigating a highly dynamic landscape. The market is currently balancing a complex web of domestic production capabilities, evolving power generation needs, and an increasingly globalized footprint. 

Below is an analysis of the primary forces shaping natural gas prices this year, categorized into exactly three bullish (price-supporting) and exactly three bearish (price-depressing) trends.

### Bullish Trends (Upward Pressure on Prices)

**1. The Surge in LNG Export Capacity**
In 2026, the U.S. is experiencing a massive structural increase in natural gas demand due to the completion and full commercial operation of several major liquefied natural gas (LNG) export terminals along the Gulf Coast. This infrastructure expansion directly links domestic supply to global demand centers in Europe and Asia. As these facilities pull billions of cubic feet per day from the domestic grid, they tighten the domestic supply-demand balance and create upward pressure on benchmark Henry Hub prices. 

**2. Surging Baseload Power Demand from Data Centers**
The rapid expansion of artificial intelligence and cloud computing has led to a historic build-out of energy-intensive data centers. Because these facilities require uninterrupted, 24/7 baseload power, natural gas has become the critical fuel to meet this demand. This structural demand growth acts as a strong bullish catalyst, especially in regions where grid infrastructure is already strained by broader electrification efforts.

**3. Pipeline Infrastructure and Permitting Constraints**
While overall supply remains robust, getting that gas to market is increasingly difficult. Regulatory policy and complex permitting processes have created severe infrastructure bottlenecks, particularly for new pipelines attempting to move gas out of the prolific Appalachian Basin. When extreme weather events drive up local heating or cooling demand, these infrastructure limitations prevent supply from responding quickly, leading to sharp, localized price spikes.

### Bearish Trends (Downward Pressure on Prices)

**1. Prolific Associated Gas Production**
Despite strong demand, domestic supply continues to see downward price pressure from ""associated gas""—natural gas produced as a byproduct of oil drilling. Because producers in the Permian Basin are primarily chasing lucrative crude oil, they continue to pump massive volumes of natural gas into the market regardless of how low natural gas prices fall. This relentless supply growth acts as a heavy anchor on the broader market.

**2. Elevated Storage Buffers**
Underground storage levels remain a critical shock absorber for the market. Entering 2026, the U.S. is managing highly elevated storage inventories, a carryover from recent mild winter weather patterns that suppressed residential and commercial heating demand. These bloated storage buffers provide a deep cushion against sudden supply disruptions, effectively capping the ceiling on potential price rallies.

**3. Accelerated Renewable Energy and Battery Penetration**
Driven by a mix of state-level policy mandates and improving economics, the rapid deployment of solar, wind, and utility-scale battery storage continues to displace natural gas in the power generation stack. Batteries are increasingly able to discharge during peak evening hours, directly eating into the market share traditionally dominated by natural gas ""peaker"" plants and reducing overall structural demand for gas in the power sector.

### Summary Outlook

For investors and energy companies in 2026, the U.S. natural gas market presents a landscape defined by competing extremes, where booming export demand frequently collides with robust domestic supply and shifting power generation dynamics. Success will require agile risk management strategies that account for localized infrastructure bottlenecks, evolving regulatory policies, and unpredictable weather patterns. Ultimately, while the baseline for demand remains strong due to LNG and data centers, the ceiling for prices will be heavily dictated by storage buffers and the pace of renewable energy growth.",automation_Gemini-3.1-Pro,google/gemini-3.1-pro,Gemini-3.1-Pro,3,0,0,,,,,google/gemini-3.1-pro,Gemini-3.1-Pro
